subject,area,eccBand,nVertices,meanGain_mov,meanGain_stat,meanGain_avg,medianGain_avg
sub-0037,V1,4-8,1232,5.46716011291532,3.58866501508799,4.42942504498086,4.13412531442925
sub-0037,V1,2-10,3482,4.75739075267863,3.0991256124664,3.83975930627652,3.34976727203244
sub-0037,V1,1-12,4561,4.59189955158548,2.98729078000103,3.70369264290953,3.19591177394093
sub-0037,V1,0-Inf,5885,4.15504625141703,2.71057624928978,3.35597522097401,2.8473508582591
sub-0037,V2,4-8,1185,4.47481968726017,3.02671027392949,3.6802150373874,3.21722469193449
sub-0037,V2,2-10,2598,4.26125735910009,2.80849515923221,3.45943935707439,2.93512954787777
sub-0037,V2,1-12,3868,3.82672127475992,2.56634798429513,3.13379936019194,2.62684400373479
sub-0037,V2,0-Inf,5179,3.51661340357314,2.4036132146838,2.90733184341976,2.40723292137172
sub-0037,V3,4-8,675,3.62613603849856,2.49087046078463,3.00536772210701,2.16308117828119
sub-0037,V3,2-10,1900,3.34193350758757,2.34914493416381,2.80190759477568,2.07627504091117
sub-0037,V3,1-12,2623,3.28084226337355,2.30274971514099,2.74862849206763,2.0571031103548
sub-0037,V3,0-Inf,3301,3.24902783342416,2.26244318491755,2.71122497763242,2.05243374794451
sub-0037,V3a,4-8,251,2.46048392739444,1.60969343384335,1.99013186045647,1.82045182942023
sub-0037,V3a,2-10,492,2.39048220154643,1.51298401143423,1.90177847042127,1.66316809492713
sub-0037,V3a,1-12,565,2.36449949736654,1.4815324220742,1.87165238955493,1.62704873393344
sub-0037,V3a,0-Inf,779,2.50043021668794,1.45929186040237,1.91019827837763,1.58732442991529
sub-0037,V3b,4-8,109,1.55697933164077,1.11190093834409,1.31575331268202,1.24932092740884
sub-0037,V3b,2-10,273,1.47317533979745,1.07669977080484,1.25943143946594,1.17872061874211
sub-0037,V3b,1-12,319,1.45442474263497,1.04545260707457,1.23309859256325,1.15717393422885
sub-0037,V3b,0-Inf,353,1.45995103105282,1.04851778109149,1.23724880908479,1.16299262520571
sub-0037,hV4,4-8,33,3.33167028814272,3.09711065346723,3.2122502304844,2.8492882067727
sub-0037,hV4,2-10,520,5.09023398259697,4.21115607255618,4.62987794078257,3.28947343159369
sub-0037,hV4,1-12,726,4.52398342582772,3.79921699987358,4.14579241382766,3.10412989486928
sub-0037,hV4,0-Inf,1123,3.5458819310998,3.00884112992888,3.26634281669342,2.50060646519522
sub-0037,MT,4-8,12,1.62296992163688,0.923881753645838,1.22451308580853,1.19066927514853
sub-0037,MT,2-10,110,2.05961119894163,1.35012875068767,1.66755518497272,1.63163860582067
sub-0037,MT,1-12,201,1.89590066471435,1.33047067788632,1.58821920482899,1.50648477519167
sub-0037,MT,0-Inf,515,1.90843016034712,1.39680888782834,1.63270089415438,1.50480542447762
sub-0037,MST,4-8,29,1.92255672090736,1.23643077137652,1.5417873684288,1.41535810500769
sub-0037,MST,2-10,129,2.81420556082421,1.57532274111662,2.10553604057096,1.86713885640706
sub-0037,MST,1-12,336,2.50045196627784,1.32143639385091,1.81774261910635,1.64365245950615
sub-0037,MST,0-Inf,671,2.10883856116994,1.16889652955118,1.57003632936797,1.42166500013863
sub-0201,V1,4-8,1126,4.0369987797497,3.7204187430182,3.87547750938157,3.51488092401526
sub-0201,V1,2-10,2459,3.92037592130371,3.5484367807278,3.729772930546,3.31507214169159
sub-0201,V1,1-12,3584,3.85986108458265,3.46798122505713,3.65867814554127,3.20680771462813
sub-0201,V1,0-Inf,4719,3.5455446392755,3.19534406380896,3.36589290026861,2.90416178879923
sub-0201,V2,4-8,1077,3.20395505901569,2.86997577864646,3.03237092309744,2.74667871429441
sub-0201,V2,2-10,2619,3.21018495052222,2.92926521655539,3.06650992404628,2.74026401176675
sub-0201,V2,1-12,3609,3.09197079811988,2.83519267992455,2.9607993808041,2.65399529478866
sub-0201,V2,0-Inf,5061,3.08290814728638,2.78660353091504,2.93101394208812,2.64496926942971
sub-0201,V3,4-8,771,2.88707080984989,2.69785225330516,2.79085837867225,2.59388223504169
sub-0201,V3,2-10,1685,2.82090408813721,2.65287945147127,2.73560203428615,2.58032936724415
sub-0201,V3,1-12,2273,2.6607927382039,2.49700432771236,2.57759790938012,2.40637451825382
sub-0201,V3,0-Inf,3266,2.45654076062812,2.29566773145344,2.37474237659037,2.17556158526662
sub-0201,V3a,4-8,383,2.65174483091914,2.31940890323595,2.48001624388707,1.86649940664972
sub-0201,V3a,2-10,705,2.52305235313431,2.20256118651203,2.35736657831392,2.06311895920601
sub-0201,V3a,1-12,775,2.51376058761904,2.19018771783084,2.34640311212086,2.05857312605032
sub-0201,V3a,0-Inf,1122,2.466419436576,2.1096754966874,2.28108409531476,1.9484803312052
sub-0201,V3b,4-8,412,3.28699798923041,3.27073356283291,3.27885569129539,2.44024318215385
sub-0201,V3b,2-10,637,3.00834526355279,3.1123750955104,3.05991811605775,2.50507253842173
sub-0201,V3b,1-12,663,2.9375356878182,3.03780829950226,2.98725129383824,2.41806633015301
sub-0201,V3b,0-Inf,752,2.71728750252921,2.81442617455416,2.76543035907743,2.06053278693006
sub-0201,hV4,4-8,226,4.27726630163578,4.54321006608998,4.40823312869671,3.8641049781631
sub-0201,hV4,2-10,724,3.45259992170256,3.66389040475965,3.55667649985206,2.86683937931334
sub-0201,hV4,1-12,935,3.21912250852228,3.41015787815031,3.31326364528515,2.61219177843991
sub-0201,hV4,0-Inf,1628,2.54087356229951,2.5984089307646,2.5694802112923,1.96452724644984
sub-0201,MT,4-8,61,2.15514685898591,1.45553967625994,1.77113008032188,1.39972817955967
sub-0201,MT,2-10,197,1.68697060484268,1.00610778576719,1.30279478809697,0.980063878184122
sub-0201,MT,1-12,248,1.70011590827013,0.999822933661763,1.30376948690007,1.04481746805976
sub-0201,MT,0-Inf,390,1.73367963948212,1.04419224994453,1.34547197794449,1.16336317503663
sub-0201,MST,4-8,52,1.80435162782182,0.999485522899428,1.34291598033084,1.14530436770398
sub-0201,MST,2-10,211,2.04885223457405,1.10699971662659,1.50601422406405,1.37141355394511
sub-0201,MST,1-12,275,2.18618368267477,1.14962264215135,1.58533474746021,1.49359662842263
sub-0201,MST,0-Inf,408,2.09258808353778,1.1337874291646,1.5403084313003,1.37583396583284
sub-0255,V1,4-8,1606,4.68502922006713,4.44445754932978,4.56315827973981,3.80466781246003
sub-0255,V1,2-10,3605,4.74772499519259,4.51102127719077,4.62786003154419,3.85280350467672
sub-0255,V1,1-12,5225,4.48129525152226,4.25256030305784,4.36542990928788,3.58897713194031
sub-0255,V1,0-Inf,6886,4.19948213802236,3.95648004332312,4.07617066269033,3.36536967373385
sub-0255,V2,4-8,1264,5.33799466818699,4.84977987129065,5.08803489520562,3.65559826814658
sub-0255,V2,2-10,3099,4.7830349878975,4.36511575828597,4.5692998805183,3.48975167529532
sub-0255,V2,1-12,4792,4.37728021322897,4.03188202882539,4.20103289999625,3.23928846897036
sub-0255,V2,0-Inf,6954,4.05180962760405,3.65604487372335,3.84884369886654,2.90597782889758
sub-0255,V3,4-8,722,3.81794157811031,3.51014022222134,3.66080732891205,3.24379432269238
sub-0255,V3,2-10,1723,3.49790169623978,3.22138048404598,3.35679493853559,3.0349443882368
sub-0255,V3,1-12,2694,3.35161574086674,3.0475252376574,3.1959558127767,2.87944373086798
sub-0255,V3,0-Inf,4026,3.36327405692833,3.01551486071115,3.18465114248196,2.6500174358199
sub-0255,V3a,4-8,146,1.69084070717197,1.5522675428978,1.62007319277661,1.52329700250516
sub-0255,V3a,2-10,356,1.8643452760266,1.71886951196279,1.79013023401483,1.63630894952075
sub-0255,V3a,1-12,435,1.86087400469158,1.71773610853496,1.78787316980058,1.63270375660091
sub-0255,V3a,0-Inf,454,1.84468735350093,1.7048418814707,1.77338666355302,1.62132716397344
sub-0255,V3b,4-8,218,2.0605024487373,1.75904352305702,1.90381550752547,1.67183357742591
sub-0255,V3b,2-10,355,1.9821420180333,1.81255064553275,1.8954505518013,1.74264102482642
sub-0255,V3b,1-12,420,1.93089464179054,1.79068806232762,1.85947035057478,1.70397558951113
sub-0255,V3b,0-Inf,437,1.91268386350626,1.77948734308696,1.84488393305272,1.69613346256523
sub-0255,hV4,4-8,81,4.7546162073156,4.61103986241584,4.68227774298158,4.46750698554615
sub-0255,hV4,2-10,344,4.53667639477491,4.41962231006088,4.47776687734787,3.95473034453058
sub-0255,hV4,1-12,653,3.75076848930453,3.68342456495961,3.71694401235487,3.11003240198222
sub-0255,hV4,0-Inf,2016,2.72385137204354,2.58339830287365,2.65269542386934,2.03252284885133
sub-0255,MT,4-8,196,2.87839814260608,1.63742791938735,2.17098352868369,1.96934458741911
sub-0255,MT,2-10,328,3.0348839828687,1.79774441185835,2.33579659235145,2.12856500982653
sub-0255,MT,1-12,443,2.86342055853359,1.69752404009217,2.20470524900834,1.99715749658004
sub-0255,MT,0-Inf,713,2.72680751723127,1.72838021099618,2.17093531731789,1.92150086462777
sub-0255,MST,4-8,129,2.456211435883,1.60490054657485,1.98544077623888,1.86795866403197
sub-0255,MST,2-10,450,3.25566420279068,2.1601775827493,2.65194510271759,2.56550425612054
sub-0255,MST,1-12,716,2.96553682350788,2.04062741313919,2.45999100338272,2.25385388866982
sub-0255,MST,0-Inf,916,2.63814294973646,1.82521071957319,2.19434883088934,1.83615384744685
sub-wlsubj123,V1,4-8,1235,3.82804070380304,4.35271546230932,4.08195687897275,3.42899825847807
sub-wlsubj123,V1,2-10,2729,3.55841365817823,4.05497099376612,3.79858712783239,3.28069369215716
sub-wlsubj123,V1,1-12,3919,3.29939034230182,3.79117266344842,3.53674404951509,3.05866241322799
sub-wlsubj123,V1,0-Inf,4892,3.04154617133568,3.46331707215149,3.24558758638923,2.81516725433678
sub-wlsubj123,V2,4-8,839,3.2079644524109,3.45289312082213,3.32817643606398,2.70483458746766
sub-wlsubj123,V2,2-10,2167,2.96832028750916,3.26628635752351,3.11374116776771,2.48663492878033
sub-wlsubj123,V2,1-12,3285,2.69645544616497,3.00150507273623,2.8448944971776,2.29922616478977
sub-wlsubj123,V2,0-Inf,4489,2.57875466375311,2.77881029394359,2.67691426930191,2.16615490066527
sub-wlsubj123,V3,4-8,690,2.19243693135339,2.4419192083946,2.31381802565922,2.09050738802514
sub-wlsubj123,V3,2-10,1668,2.4452962695613,2.66476499115293,2.55267308759344,2.15441549154107
sub-wlsubj123,V3,1-12,2408,2.24381027810933,2.45833310619888,2.34862365880647,1.96837888797888
sub-wlsubj123,V3,0-Inf,3694,2.09050284640627,2.22860881247466,2.15845154358498,1.80134600908412
sub-wlsubj123,V3a,4-8,178,2.09040282271116,1.77803238107034,1.92790142597107,1.90140957242251
sub-wlsubj123,V3a,2-10,283,2.03315590685121,1.73549418514884,1.87843824861008,1.84497504994124
sub-wlsubj123,V3a,1-12,458,1.95516665684328,1.64397960201352,1.79283409784267,1.74474089427958
sub-wlsubj123,V3a,0-Inf,821,1.80613993876248,1.49312836993107,1.6421932841879,1.50221069890944
sub-wlsubj123,V3b,4-8,190,1.11815175356439,1.18515999845585,1.15116841970572,1.00288633661888
sub-wlsubj123,V3b,2-10,320,1.11421837432123,1.18707556875232,1.15007017629867,0.999853352115476
sub-wlsubj123,V3b,1-12,411,1.15070767428805,1.24856164304689,1.19863650222899,1.03242272813853
sub-wlsubj123,V3b,0-Inf,619,1.14861706509399,1.19903988271174,1.17355769820278,1.01653099913372
sub-wlsubj123,hV4,4-8,232,2.440191199983,2.94541162960797,2.68092661945398,2.37534725721376
sub-wlsubj123,hV4,2-10,522,2.45902075294497,2.97015077389755,2.70252888835432,2.37778119138708
sub-wlsubj123,hV4,1-12,616,2.31283548560548,2.78913282205352,2.5398435709532,2.17184415057068
sub-wlsubj123,hV4,0-Inf,959,1.98036724884415,2.27148986408773,2.12093944584017,1.77930807114846
sub-wlsubj123,MT,4-8,0,NaN,NaN,NaN,NaN
sub-wlsubj123,MT,2-10,12,1.98726449904574,1.78923611308902,1.88565251516614,2.0907117918637
sub-wlsubj123,MT,1-12,37,1.88476717553005,1.52866652490321,1.69740404396513,1.68919132587572
sub-wlsubj123,MT,0-Inf,295,1.50197131068703,1.16921353851699,1.32518873784808,1.24300106950652
sub-wlsubj123,MST,4-8,13,1.12087081767761,0.768595823808224,0.928168427331764,0.935699698916041
sub-wlsubj123,MST,2-10,40,1.25201450020625,0.998735880761592,1.11822708095886,1.10425334181045
sub-wlsubj123,MST,1-12,79,1.39321401274681,1.08057119207629,1.22697470494351,1.17054699395672
sub-wlsubj123,MST,0-Inf,253,1.3720066019049,0.96437036971709,1.15027062638899,1.06342544244485
sub-wlsubj124,V1,4-8,1564,4.41966547047508,4.23213479937449,4.32488381799921,3.98908475724628
sub-wlsubj124,V1,2-10,3267,4.17119567478649,4.02009287995346,4.09494737855102,3.75087407990819
sub-wlsubj124,V1,1-12,4534,4.08638992376032,3.97339291848852,4.02949535118879,3.73757049397983
sub-wlsubj124,V1,0-Inf,5607,4.02088564613648,3.85438502963252,3.9367551918214,3.62064747907809
sub-wlsubj124,V2,4-8,1517,3.9388822634478,3.71203903852893,3.82377885475709,3.33996129120489
sub-wlsubj124,V2,2-10,3146,3.88064406017077,3.6833988772552,3.78073537479947,3.33350865553096
sub-wlsubj124,V2,1-12,4185,3.76544753646964,3.57418095119443,3.66856795733318,3.20092733016069
sub-wlsubj124,V2,0-Inf,5648,3.49245673848596,3.26840623899257,3.37857475771651,2.95013366953927
sub-wlsubj124,V3,4-8,575,3.534960090045,3.53037089513596,3.53266474737726,3.43419531753985
sub-wlsubj124,V3,2-10,1464,3.22410762114845,3.17461321934481,3.1992647084429,3.15376185186708
sub-wlsubj124,V3,1-12,2072,3.01502915094654,3.03088899444082,3.02294867166515,2.96012397408081
sub-wlsubj124,V3,0-Inf,3685,2.67631491081307,2.69308333134001,2.68468602926439,2.4941980499817
sub-wlsubj124,V3a,4-8,189,3.25796200474543,2.7839722878505,3.01165667632968,2.48188369837685
sub-wlsubj124,V3a,2-10,488,3.06582896155778,2.59706914418194,2.82173170188115,2.3950631958668
sub-wlsubj124,V3a,1-12,820,2.82980954760331,2.30691924029186,2.55502291412967,2.23556455303738
sub-wlsubj124,V3a,0-Inf,1037,2.65745196859811,2.12297339073664,2.37522626637853,2.06610690872796
sub-wlsubj124,V3b,4-8,23,0.917917240378624,1.20343600048079,1.05102552420653,1.0478118940264
sub-wlsubj124,V3b,2-10,115,1.05107477982371,1.29507472481914,1.166713495784,1.13645645880282
sub-wlsubj124,V3b,1-12,200,1.29900114634467,1.50343751224402,1.3974859755513,1.23506998544655
sub-wlsubj124,V3b,0-Inf,643,1.09708186732125,1.2099029626292,1.15211223477522,1.01101634005678
sub-wlsubj124,hV4,4-8,209,4.42290795661392,4.64379412670881,4.53200551543104,4.29442526606751
sub-wlsubj124,hV4,2-10,344,4.04161882306579,4.30940927054853,4.1733667013747,3.89457655386191
sub-wlsubj124,hV4,1-12,539,3.46867638818311,3.72100294532138,3.5926250927137,3.15795922327549
sub-wlsubj124,hV4,0-Inf,1250,2.59475833007539,2.73792092726293,2.66537860971068,2.33558580539311
sub-wlsubj124,MT,4-8,67,1.5875330007885,1.46010002235229,1.52248381598501,1.38600701540566
sub-wlsubj124,MT,2-10,122,1.63517600094768,1.46328850196583,1.54684654729459,1.32235022301244
sub-wlsubj124,MT,1-12,192,1.80936979167296,1.53832524186931,1.6683522477002,1.5365613480095
sub-wlsubj124,MT,0-Inf,285,1.80635814772663,1.4436685742111,1.61486299469741,1.54884101606645
sub-wlsubj124,MST,4-8,82,2.79854600458506,1.58134944944235,2.10368229150451,2.21926189168352
sub-wlsubj124,MST,2-10,180,2.67777286549991,1.56928920012438,2.0499268372835,2.133312477487
sub-wlsubj124,MST,1-12,292,2.53820534542063,1.5016578237011,1.95231040439548,1.97778999195112
sub-wlsubj124,MST,0-Inf,399,2.28676234126722,1.36030747390724,1.76371763722979,1.78516606316711
sub-0395,V1,4-8,1786,5.23802038126248,4.96393508065737,5.09913650765962,4.5515058548819
sub-0395,V1,2-10,3811,5.11121586235729,4.84993531271736,4.97886194845446,4.36445975375805
sub-0395,V1,1-12,5039,4.83232262418923,4.60234134876217,4.71593026070838,4.10381440456485
sub-0395,V1,0-Inf,6609,4.62802095963513,4.30674466541155,4.46449376517892,3.90740297479546
sub-0395,V2,4-8,1137,4.45299263586778,3.99547276953736,4.21803399933667,3.88966197738711
sub-0395,V2,2-10,3161,4.48963256585702,3.99429896282094,4.23472959009779,3.80955942248369
sub-0395,V2,1-12,4148,4.35091583511079,3.87853446817606,4.10794072919878,3.60322376469848
sub-0395,V2,0-Inf,5392,4.0515217171658,3.5564040895679,3.79589889273959,3.29510895021925
sub-0395,V3,4-8,801,3.87181995932574,3.62515943830186,3.74646028524996,3.02353987863999
sub-0395,V3,2-10,2009,3.71480861395485,3.32656850019461,3.51533288885047,2.87032973226191
sub-0395,V3,1-12,2722,3.44194353807997,3.11450773946709,3.27413496792035,2.62990582465524
sub-0395,V3,0-Inf,3911,3.49172102488125,3.09057190138769,3.28502890200111,2.51268363369843
sub-0395,V3a,4-8,300,3.80090321335287,3.46964897351901,3.63150105777967,2.83918502137242
sub-0395,V3a,2-10,480,3.60254645368216,3.27295476919109,3.43379842110912,2.78538398786526
sub-0395,V3a,1-12,590,3.38955168936609,3.08780128483937,3.23516028373465,2.62658758865121
sub-0395,V3a,0-Inf,901,3.05437045506817,2.75526309524848,2.90096435587662,2.38823522898153
sub-0395,V3b,4-8,60,1.2516083667005,1.2620413275665,1.25681402152587,1.2315820291408
sub-0395,V3b,2-10,162,1.40937254412669,1.51741017676738,1.46239401028395,1.37234541526803
sub-0395,V3b,1-12,213,1.37353169511268,1.5339651563283,1.4515335894892,1.36200814895049
sub-0395,V3b,0-Inf,317,1.35999438463416,1.53516531848754,1.44492775342858,1.29025545184157
sub-0395,hV4,4-8,114,3.97401239039659,4.56817117507552,4.26074745217346,3.78129747072794
sub-0395,hV4,2-10,511,3.53008625155254,3.94653525887573,3.73250718132257,3.21779648254414
sub-0395,hV4,1-12,975,3.05784121924482,3.44730190835642,3.24673711140178,2.83434190650631
sub-0395,hV4,0-Inf,1359,2.63099443501342,2.90129141997601,2.76283940545032,2.44200121018781
sub-0395,MT,4-8,86,2.97400198972183,1.71742510514656,2.26000568138757,2.27088448366831
sub-0395,MT,2-10,197,2.52674305562124,1.62625707720318,2.02709984373687,2.00411919249867
sub-0395,MT,1-12,268,2.36794410750118,1.5852419879418,1.9374633994763,1.80519415406472
sub-0395,MT,0-Inf,425,2.08347070522615,1.41513522291297,1.7170884604099,1.58665169704159
sub-0395,MST,4-8,27,2.34650653993109,1.19700739603791,1.67594322193469,1.67290967858142
sub-0395,MST,2-10,98,2.24407640998586,1.17337593115975,1.62269690551279,1.56160171618252
sub-0395,MST,1-12,165,2.24430976870243,1.33612478486858,1.73166911010331,1.71435792207465
sub-0395,MST,0-Inf,417,1.95102484691937,1.17282016697102,1.51268016670034,1.41109140279263
sub-0426,V1,4-8,1135,2.76406691964725,4.08177007877861,3.35891137846146,2.66608177933004
sub-0426,V1,2-10,2111,2.67493584804069,3.94154113676654,3.2470555405265,2.66867843799102
sub-0426,V1,1-12,2755,2.58952154148589,3.78108452457302,3.12908929667416,2.56760225219294
sub-0426,V1,0-Inf,3530,2.46610844614627,3.51786316508709,2.94540864122589,2.41411780505478
sub-0426,V2,4-8,833,2.54351776167811,3.51658260980117,2.9907340785228,2.67809371320669
sub-0426,V2,2-10,1722,2.40863339468138,3.295634106695,2.81744110249647,2.37486616525524
sub-0426,V2,1-12,2391,2.30196256922217,3.12601929896506,2.68253227695096,2.29204332244408
sub-0426,V2,0-Inf,3400,2.31010321389281,3.08284024391392,2.66864743931896,2.25173787628092
sub-0426,V3,4-8,414,2.36351227611578,3.15142959887573,2.72918349406144,1.90805848662617
sub-0426,V3,2-10,940,2.21695190823066,3.02426261456449,2.58933288210485,1.81713184578858
sub-0426,V3,1-12,1354,2.06812892246132,2.80278773782453,2.407597637504,1.81703403006218
sub-0426,V3,0-Inf,2078,1.93051162375829,2.57090101055774,2.22781379033654,1.76374458015717
sub-0426,V3a,4-8,205,1.98821089796414,2.77907081730009,2.35061244895243,1.99385931654224
sub-0426,V3a,2-10,372,2.01410676685535,2.80461728632819,2.37672014651138,1.90709063258754
sub-0426,V3a,1-12,434,1.92479909971089,2.66856314214619,2.26637329968491,1.8183424412551
sub-0426,V3a,0-Inf,680,1.80220058249663,2.51859264266775,2.13049504286857,1.79985821932011
sub-0426,V3b,4-8,76,1.15552335402548,1.84416346156451,1.45978558304919,1.29130588973921
sub-0426,V3b,2-10,120,1.2597780344795,1.94458217595419,1.56516513873375,1.41961587622933
sub-0426,V3b,1-12,161,1.17660179894366,1.84707645792251,1.47420266014483,1.28038814834048
sub-0426,V3b,0-Inf,188,1.17239415639548,1.84547925259673,1.47092796951228,1.28986468492571
sub-0426,hV4,4-8,126,1.55117586841415,2.69157757714213,2.04330863689936,1.99262059845678
sub-0426,hV4,2-10,397,2.08161994620944,3.27259053959333,2.61003634897941,2.0931373895279
sub-0426,hV4,1-12,697,2.17664744282914,3.06243333306667,2.58182836053335,2.0312466971508
sub-0426,hV4,0-Inf,1420,1.9395817162353,2.4090800280024,2.16162151526605,1.74366671734697
sub-0426,MT,4-8,21,1.25486634941322,1.80141978923333,1.50350958582776,1.31430213311568
sub-0426,MT,2-10,77,1.31393391737314,1.78882556194832,1.53310096800829,1.41263468501141
sub-0426,MT,1-12,131,1.36827554587317,1.79992120630845,1.56932729890562,1.46087246949616
sub-0426,MT,0-Inf,422,1.64757709972359,1.864487958092,1.75268013695105,1.57519045511648
sub-0426,MST,4-8,44,1.29657905661885,1.7946390997847,1.52541517986748,1.3820496749271
sub-0426,MST,2-10,115,1.61780093195126,2.16994971051427,1.87364528765648,1.68623902431953
sub-0426,MST,1-12,155,1.60367016001626,2.10116458965392,1.83564020268428,1.66748099561901
sub-0426,MST,0-Inf,187,1.55381547168209,2.01058326767349,1.76750541397083,1.57767412901182
sub-0250,V1,4-8,1391,6.00965085113898,5.23487395374946,5.6089004904487,4.84348004915879
sub-0250,V1,2-10,2877,5.68806517474533,5.07456508820757,5.37256521181567,4.69641083067628
sub-0250,V1,1-12,3864,5.2762867970665,4.75444094519648,5.00857205065202,4.41573492130799
sub-0250,V1,0-Inf,4722,4.98872838244763,4.49407316798898,4.73494565607072,4.20761791642913
sub-0250,V2,4-8,1213,5.58718733359929,4.88403628704277,5.22379418428834,4.63907308807231
sub-0250,V2,2-10,2861,5.24763984052709,4.64899043732108,4.93925373281385,4.4933645127839
sub-0250,V2,1-12,3970,4.87475189353505,4.36549172535984,4.61309972300724,4.13618801618989
sub-0250,V2,0-Inf,5119,4.61168092474978,4.1374214980111,4.36811948096975,3.8494280027172
sub-0250,V3,4-8,512,4.35884754879799,3.95967782077394,4.154471321734,3.87081361405991
sub-0250,V3,2-10,1389,3.96960041456712,3.7190493852935,3.84228317301792,3.51951430368028
sub-0250,V3,1-12,2335,3.67939433224997,3.43499368122032,3.55509441252922,3.23997531122206
sub-0250,V3,0-Inf,3780,3.35246034104551,3.13488138143871,3.24184600268971,2.84750274711034
sub-0250,V3a,4-8,353,2.4975097914271,1.94839670116867,2.2059328726761,2.13266301995959
sub-0250,V3a,2-10,701,2.69414439617392,2.17861271819352,2.42270453133565,2.26636184940062
sub-0250,V3a,1-12,888,2.64314455747704,2.15332566652765,2.38569717608044,2.24394099981304
sub-0250,V3a,0-Inf,1105,2.63402295013419,2.06003211291101,2.32941448939879,2.17233892439729
sub-0250,V3b,4-8,197,3.48706938742953,2.94307082760459,3.20354369222223,3.51072071805691
sub-0250,V3b,2-10,326,2.824362025542,2.37263150883455,2.58866188100275,2.60893949650262
sub-0250,V3b,1-12,429,2.64408940937767,2.23210230857352,2.42937812510665,2.24617564586536
sub-0250,V3b,0-Inf,588,2.47304901556101,2.11819687421466,2.28875614571342,2.08562075966923
sub-0250,hV4,4-8,10,3.80908434987986,3.33218098445423,3.56266170704599,3.50346106468534
sub-0250,hV4,2-10,124,4.04515770824883,3.8080723196038,3.92482523142296,3.43452342813493
sub-0250,hV4,1-12,229,3.82431651796208,3.79280081666516,3.80852606824643,3.51594527000183
sub-0250,hV4,0-Inf,802,2.44561351451932,2.56839666846917,2.50625329985909,1.97288667739598
sub-0250,MT,4-8,102,2.70245204425962,1.36228696886193,1.91872749599029,1.59392232703387
sub-0250,MT,2-10,234,2.7584767355054,1.28803907199682,1.88494716491609,1.51051109447902
sub-0250,MT,1-12,313,2.61990980688489,1.32958976648382,1.86638829516924,1.53970934780212
sub-0250,MT,0-Inf,469,2.46428944118136,1.5900194820057,1.97946159871297,1.63258140847897
sub-0250,MST,4-8,171,2.18715374192144,1.10248727184315,1.55283906507806,1.56188253873144
sub-0250,MST,2-10,417,1.96182294976253,0.907483566121579,1.3342871079905,1.2661458652135
sub-0250,MST,1-12,482,1.91508439019981,0.889141162347058,1.30490626509913,1.22370798398039
sub-0250,MST,0-Inf,634,1.84473036407861,0.852044359032491,1.25371133066952,1.14193980882346
