area,experiment,asymmetry,observer,value,gainScale,nVertex,band
V1,dg,horiz-vert,sub-0037,-0.731652046390952,0.986442735975675,1232,4-8
V1,dg,card-obl,sub-0037,-0.221554249074536,0.986442735975675,1232,4-8
V1,dg,rad-tang,sub-0037,0.173862449910905,0.986442735975675,1232,4-8
V1,dg,polc-polo,sub-0037,0.0581983075138264,0.986442735975675,1232,4-8
V1,dg,horiz-vert,sub-0201,-0.274071028147344,1.12744149581385,1126,4-8
V1,dg,card-obl,sub-0201,-0.134357206399252,1.12744149581385,1126,4-8
V1,dg,rad-tang,sub-0201,0.0317160934244583,1.12744149581385,1126,4-8
V1,dg,polc-polo,sub-0201,0.0422647816839125,1.12744149581385,1126,4-8
V1,dg,horiz-vert,sub-0255,-0.444810764154882,0.957532895488174,1606,4-8
V1,dg,card-obl,sub-0255,-0.0423551890659071,0.957532895488174,1606,4-8
V1,dg,rad-tang,sub-0255,0.126950926047108,0.957532895488174,1606,4-8
V1,dg,polc-polo,sub-0255,0.028259524235091,0.957532895488174,1606,4-8
V1,dg,horiz-vert,sub-wlsubj123,-0.477710911926989,1.07041164072014,1235,4-8
V1,dg,card-obl,sub-wlsubj123,-0.222996114234528,1.07041164072014,1235,4-8
V1,dg,rad-tang,sub-wlsubj123,0.10675831479419,1.07041164072014,1235,4-8
V1,dg,polc-polo,sub-wlsubj123,0.0277961488960859,1.07041164072014,1235,4-8
V1,dg,horiz-vert,sub-wlsubj124,-0.689647866019948,1.01028706065715,1564,4-8
V1,dg,card-obl,sub-wlsubj124,-0.429128700409849,1.01028706065715,1564,4-8
V1,dg,rad-tang,sub-wlsubj124,0.0145595126338021,1.01028706065715,1564,4-8
V1,dg,polc-polo,sub-wlsubj124,-0.0036354570704738,1.01028706065715,1564,4-8
V1,dg,horiz-vert,sub-0395,-0.660179145152896,0.856885112529677,1786,4-8
V1,dg,card-obl,sub-0395,-0.3860221300059,0.856885112529677,1786,4-8
V1,dg,rad-tang,sub-0395,0.25409965211884,0.856885112529677,1786,4-8
V1,dg,polc-polo,sub-0395,0.134932377973496,0.856885112529677,1786,4-8
V1,dg,horiz-vert,sub-0426,-0.65992644875868,1.30083043815567,1135,4-8
V1,dg,card-obl,sub-0426,0.00551155670313,1.30083043815567,1135,4-8
V1,dg,rad-tang,sub-0426,0.0620547114022194,1.30083043815567,1135,4-8
V1,dg,polc-polo,sub-0426,-0.000178718316873244,1.30083043815567,1135,4-8
V1,dg,horiz-vert,sub-0250,-0.446954986846717,0.779007252421509,1391,4-8
V1,dg,card-obl,sub-0250,-0.333651954904833,0.779007252421509,1391,4-8
V1,dg,rad-tang,sub-0250,0.0603394190685435,0.779007252421509,1391,4-8
V1,dg,polc-polo,sub-0250,0.0251868105749802,0.779007252421509,1391,4-8
V1,da,horiz-vert,sub-0037,0.0269418334269368,0.986442735975675,1232,4-8
V1,da,card-obl,sub-0037,0.016527761947094,0.986442735975675,1232,4-8
V1,da,rad-tang,sub-0037,0.317716621589335,0.986442735975675,1232,4-8
V1,da,polc-polo,sub-0037,0.145541969100344,0.986442735975675,1232,4-8
V1,da,horiz-vert,sub-0201,-0.172883502551675,1.12744149581385,1126,4-8
V1,da,card-obl,sub-0201,0.0301020496960927,1.12744149581385,1126,4-8
V1,da,rad-tang,sub-0201,0.174187517958592,1.12744149581385,1126,4-8
V1,da,polc-polo,sub-0201,0.198480598566889,1.12744149581385,1126,4-8
V1,da,horiz-vert,sub-0255,-0.347664961277765,0.957532895488174,1606,4-8
V1,da,card-obl,sub-0255,-0.00232185501032606,0.957532895488174,1606,4-8
V1,da,rad-tang,sub-0255,0.2146592084988,0.957532895488174,1606,4-8
V1,da,polc-polo,sub-0255,0.0116103133239742,0.957532895488174,1606,4-8
V1,da,horiz-vert,sub-wlsubj123,-0.0865404213073125,1.07041164072014,1235,4-8
V1,da,card-obl,sub-wlsubj123,-0.0514524664547083,1.07041164072014,1235,4-8
V1,da,rad-tang,sub-wlsubj123,0.301750630190516,1.07041164072014,1235,4-8
V1,da,polc-polo,sub-wlsubj123,-0.0299931087491346,1.07041164072014,1235,4-8
V1,da,horiz-vert,sub-wlsubj124,-0.113941819020466,1.01028706065715,1564,4-8
V1,da,card-obl,sub-wlsubj124,-0.0444495552817775,1.01028706065715,1564,4-8
V1,da,rad-tang,sub-wlsubj124,0.0751419814930212,1.01028706065715,1564,4-8
V1,da,polc-polo,sub-wlsubj124,-0.0156492182156721,1.01028706065715,1564,4-8
V1,da,horiz-vert,sub-0395,-0.318442467281954,0.856885112529677,1786,4-8
V1,da,card-obl,sub-0395,-0.0271692938034579,0.856885112529677,1786,4-8
V1,da,rad-tang,sub-0395,-0.194878869846209,0.856885112529677,1786,4-8
V1,da,polc-polo,sub-0395,-0.107096452963551,0.856885112529677,1786,4-8
V1,da,horiz-vert,sub-0426,-0.538054938938049,1.30083043815567,1135,4-8
V1,da,card-obl,sub-0426,-0.0379612801016647,1.30083043815567,1135,4-8
V1,da,rad-tang,sub-0426,0.0503115525677537,1.30083043815567,1135,4-8
V1,da,polc-polo,sub-0426,-0.00947862722981441,1.30083043815567,1135,4-8
V1,da,horiz-vert,sub-0250,-0.195447965379338,0.779007252421509,1391,4-8
V1,da,card-obl,sub-0250,-0.11113188373793,0.779007252421509,1391,4-8
V1,da,rad-tang,sub-0250,0.261555795722163,0.779007252421509,1391,4-8
V1,da,polc-polo,sub-0250,0.12584917780659,0.779007252421509,1391,4-8
V1,dg,horiz-vert,sub-0037,-0.495268409422463,1.08318045240413,3482,2-10
V1,dg,card-obl,sub-0037,-0.185246183641986,1.08318045240413,3482,2-10
V1,dg,rad-tang,sub-0037,0.115626899034131,1.08318045240413,3482,2-10
V1,dg,polc-polo,sub-0037,0.0497383630986092,1.08318045240413,3482,2-10
V1,dg,horiz-vert,sub-0201,-0.228817486417387,1.11512209990936,2459,2-10
V1,dg,card-obl,sub-0201,-0.0910798410197178,1.11512209990936,2459,2-10
V1,dg,rad-tang,sub-0201,0.0502296578467537,1.11512209990936,2459,2-10
V1,dg,polc-polo,sub-0201,0.0161061624880629,1.11512209990936,2459,2-10
V1,dg,horiz-vert,sub-0255,-0.446451983634878,0.898720400821578,3605,2-10
V1,dg,card-obl,sub-0255,-0.0742156068658073,0.898720400821578,3605,2-10
V1,dg,rad-tang,sub-0255,0.149188906388168,0.898720400821578,3605,2-10
V1,dg,polc-polo,sub-0255,0.00925473774085146,0.898720400821578,3605,2-10
V1,dg,horiz-vert,sub-wlsubj123,-0.503768734343436,1.09492084360032,2729,2-10
V1,dg,card-obl,sub-wlsubj123,-0.220222149444894,1.09492084360032,2729,2-10
V1,dg,rad-tang,sub-wlsubj123,0.0982805114537484,1.09492084360032,2729,2-10
V1,dg,polc-polo,sub-wlsubj123,0.0563282017674332,1.09492084360032,2729,2-10
V1,dg,horiz-vert,sub-wlsubj124,-0.634477914539261,1.01567904004843,3267,2-10
V1,dg,card-obl,sub-wlsubj124,-0.441288104936637,1.01567904004843,3267,2-10
V1,dg,rad-tang,sub-wlsubj124,0.0488654208170511,1.01567904004843,3267,2-10
V1,dg,polc-polo,sub-wlsubj124,-0.00407553170035524,1.01567904004843,3267,2-10
V1,dg,horiz-vert,sub-0395,-0.694713935205152,0.835362029627401,3811,2-10
V1,dg,card-obl,sub-0395,-0.375522386096135,0.835362029627401,3811,2-10
V1,dg,rad-tang,sub-0395,0.283521918712761,0.835362029627401,3811,2-10
V1,dg,polc-polo,sub-0395,0.0962650865619142,0.835362029627401,3811,2-10
V1,dg,horiz-vert,sub-0426,-0.585641152413181,1.28089962447059,2111,2-10
V1,dg,card-obl,sub-0426,0.0231564131617827,1.28089962447059,2111,2-10
V1,dg,rad-tang,sub-0426,0.0811053601463313,1.28089962447059,2111,2-10
V1,dg,polc-polo,sub-0426,0.0307672000402543,1.28089962447059,2111,2-10
V1,dg,horiz-vert,sub-0250,-0.446215531879104,0.774146438157418,2877,2-10
V1,dg,card-obl,sub-0250,-0.350714049794577,0.774146438157418,2877,2-10
V1,dg,rad-tang,sub-0250,0.110660720588123,0.774146438157418,2877,2-10
V1,dg,polc-polo,sub-0250,0.0948887610482689,0.774146438157418,2877,2-10
V1,da,horiz-vert,sub-0037,-0.0177889604800473,1.08318045240413,3482,2-10
V1,da,card-obl,sub-0037,0.0280266464688926,1.08318045240413,3482,2-10
V1,da,rad-tang,sub-0037,0.267339432222657,1.08318045240413,3482,2-10
V1,da,polc-polo,sub-0037,0.154064426085716,1.08318045240413,3482,2-10
V1,da,horiz-vert,sub-0201,-0.176218706797156,1.11512209990936,2459,2-10
V1,da,card-obl,sub-0201,-0.00176573639652146,1.11512209990936,2459,2-10
V1,da,rad-tang,sub-0201,0.149365540089302,1.11512209990936,2459,2-10
V1,da,polc-polo,sub-0201,0.186556815317489,1.11512209990936,2459,2-10
V1,da,horiz-vert,sub-0255,-0.274645367618668,0.898720400821578,3605,2-10
V1,da,card-obl,sub-0255,-5.89144647875862e-05,0.898720400821578,3605,2-10
V1,da,rad-tang,sub-0255,0.207236686383256,0.898720400821578,3605,2-10
V1,da,polc-polo,sub-0255,0.0439285111507173,0.898720400821578,3605,2-10
V1,da,horiz-vert,sub-wlsubj123,-0.130283813362225,1.09492084360032,2729,2-10
V1,da,card-obl,sub-wlsubj123,-0.056215995992289,1.09492084360032,2729,2-10
V1,da,rad-tang,sub-wlsubj123,0.330620428027011,1.09492084360032,2729,2-10
V1,da,polc-polo,sub-wlsubj123,-0.0350028818885756,1.09492084360032,2729,2-10
V1,da,horiz-vert,sub-wlsubj124,-0.0610525835999281,1.01567904004843,3267,2-10
V1,da,card-obl,sub-wlsubj124,-0.0225198984975543,1.01567904004843,3267,2-10
V1,da,rad-tang,sub-wlsubj124,0.0799516242757384,1.01567904004843,3267,2-10
V1,da,polc-polo,sub-wlsubj124,-0.0281360481963173,1.01567904004843,3267,2-10
V1,da,horiz-vert,sub-0395,-0.24630378516861,0.835362029627401,3811,2-10
V1,da,card-obl,sub-0395,-0.0356109726775673,0.835362029627401,3811,2-10
V1,da,rad-tang,sub-0395,-0.240215607554073,0.835362029627401,3811,2-10
V1,da,polc-polo,sub-0395,-0.15317910431639,0.835362029627401,3811,2-10
V1,da,horiz-vert,sub-0426,-0.497700856019426,1.28089962447059,2111,2-10
V1,da,card-obl,sub-0426,-0.0493946476812942,1.28089962447059,2111,2-10
V1,da,rad-tang,sub-0426,0.0801598550999145,1.28089962447059,2111,2-10
V1,da,polc-polo,sub-0426,0.0520492429235445,1.28089962447059,2111,2-10
V1,da,horiz-vert,sub-0250,-0.159178297188672,0.774146438157418,2877,2-10
V1,da,card-obl,sub-0250,-0.103295981209564,0.774146438157418,2877,2-10
V1,da,rad-tang,sub-0250,0.204758919078994,0.774146438157418,2877,2-10
V1,da,polc-polo,sub-0250,0.124946361209971,0.774146438157418,2877,2-10
V2,dg,horiz-vert,sub-0037,-0.530743671044692,1.04435736717895,1185,4-8
V2,dg,card-obl,sub-0037,-0.182441322854992,1.04435736717895,1185,4-8
V2,dg,rad-tang,sub-0037,0.266290000170003,1.04435736717895,1185,4-8
V2,dg,polc-polo,sub-0037,0.0621713266171913,1.04435736717895,1185,4-8
V2,dg,horiz-vert,sub-0201,-0.263369422304178,1.2674767647397,1077,4-8
V2,dg,card-obl,sub-0201,-0.0283272551920485,1.2674767647397,1077,4-8
V2,dg,rad-tang,sub-0201,0.109151257115965,1.2674767647397,1077,4-8
V2,dg,polc-polo,sub-0201,-0.00447603577594964,1.2674767647397,1077,4-8
V2,dg,horiz-vert,sub-0255,-0.233753535340094,0.755391770351243,1264,4-8
V2,dg,card-obl,sub-0255,-0.0591726377034605,0.755391770351243,1264,4-8
V2,dg,rad-tang,sub-0255,0.128873910301617,0.755391770351243,1264,4-8
V2,dg,polc-polo,sub-0255,0.0211432484637163,0.755391770351243,1264,4-8
V2,dg,horiz-vert,sub-wlsubj123,-0.299006362985561,1.15482449952193,839,4-8
V2,dg,card-obl,sub-wlsubj123,-0.11820830521357,1.15482449952193,839,4-8
V2,dg,rad-tang,sub-wlsubj123,0.117383359442797,1.15482449952193,839,4-8
V2,dg,polc-polo,sub-wlsubj123,0.0325430512779804,1.15482449952193,839,4-8
V2,dg,horiz-vert,sub-wlsubj124,-0.242658112307577,1.00514695883019,1517,4-8
V2,dg,card-obl,sub-wlsubj124,-0.303813226129029,1.00514695883019,1517,4-8
V2,dg,rad-tang,sub-wlsubj124,0.123171688757852,1.00514695883019,1517,4-8
V2,dg,polc-polo,sub-wlsubj124,0.0234269400070582,1.00514695883019,1517,4-8
V2,dg,horiz-vert,sub-0395,-0.426640955463156,0.911196943339646,1137,4-8
V2,dg,card-obl,sub-0395,-0.358633501210952,0.911196943339646,1137,4-8
V2,dg,rad-tang,sub-0395,0.239248027502559,0.911196943339646,1137,4-8
V2,dg,polc-polo,sub-0395,0.0781216061687885,0.911196943339646,1137,4-8
V2,dg,horiz-vert,sub-0426,-0.457391609128889,1.28512251045625,833,4-8
V2,dg,card-obl,sub-0426,-0.0709126883314223,1.28512251045625,833,4-8
V2,dg,rad-tang,sub-0426,0.130504315156993,1.28512251045625,833,4-8
V2,dg,polc-polo,sub-0426,0.0449904336908086,1.28512251045625,833,4-8
V2,dg,horiz-vert,sub-0250,-0.311444539364662,0.735760168089756,1213,4-8
V2,dg,card-obl,sub-0250,-0.267887547784358,0.735760168089756,1213,4-8
V2,dg,rad-tang,sub-0250,0.25892720977809,0.735760168089756,1213,4-8
V2,dg,polc-polo,sub-0250,0.0426416378485601,0.735760168089756,1213,4-8
V2,da,horiz-vert,sub-0037,-0.0174505120047606,1.04435736717895,1185,4-8
V2,da,card-obl,sub-0037,0.0219923274332595,1.04435736717895,1185,4-8
V2,da,rad-tang,sub-0037,0.0757642920109392,1.04435736717895,1185,4-8
V2,da,polc-polo,sub-0037,0.0462129150008774,1.04435736717895,1185,4-8
V2,da,horiz-vert,sub-0201,-0.169849952328376,1.2674767647397,1077,4-8
V2,da,card-obl,sub-0201,0.0178344706109494,1.2674767647397,1077,4-8
V2,da,rad-tang,sub-0201,0.180877797490039,1.2674767647397,1077,4-8
V2,da,polc-polo,sub-0201,0.140317247301081,1.2674767647397,1077,4-8
V2,da,horiz-vert,sub-0255,-0.0350683518941794,0.755391770351243,1264,4-8
V2,da,card-obl,sub-0255,-0.0202119192577651,0.755391770351243,1264,4-8
V2,da,rad-tang,sub-0255,0.147435068269233,0.755391770351243,1264,4-8
V2,da,polc-polo,sub-0255,0.0228350001778732,0.755391770351243,1264,4-8
V2,da,horiz-vert,sub-wlsubj123,-0.143635970847348,1.15482449952193,839,4-8
V2,da,card-obl,sub-wlsubj123,0.0423602641642904,1.15482449952193,839,4-8
V2,da,rad-tang,sub-wlsubj123,0.15633821007959,1.15482449952193,839,4-8
V2,da,polc-polo,sub-wlsubj123,0.043595895276612,1.15482449952193,839,4-8
V2,da,horiz-vert,sub-wlsubj124,-0.0111924461980988,1.00514695883019,1517,4-8
V2,da,card-obl,sub-wlsubj124,-0.0125499764943172,1.00514695883019,1517,4-8
V2,da,rad-tang,sub-wlsubj124,0.0985922501441946,1.00514695883019,1517,4-8
V2,da,polc-polo,sub-wlsubj124,-0.0348636595267186,1.00514695883019,1517,4-8
V2,da,horiz-vert,sub-0395,-0.0789275557766299,0.911196943339646,1137,4-8
V2,da,card-obl,sub-0395,-0.0304408693901488,0.911196943339646,1137,4-8
V2,da,rad-tang,sub-0395,0.16531766096085,0.911196943339646,1137,4-8
V2,da,polc-polo,sub-0395,-0.0243818080478717,0.911196943339646,1137,4-8
V2,da,horiz-vert,sub-0426,-0.125971810966831,1.28512251045625,833,4-8
V2,da,card-obl,sub-0426,0.000674237051493443,1.28512251045625,833,4-8
V2,da,rad-tang,sub-0426,0.225753450790202,1.28512251045625,833,4-8
V2,da,polc-polo,sub-0426,0.0927749126538934,1.28512251045625,833,4-8
V2,da,horiz-vert,sub-0250,-0.130654002576533,0.735760168089756,1213,4-8
V2,da,card-obl,sub-0250,-0.0203998456189629,0.735760168089756,1213,4-8
V2,da,rad-tang,sub-0250,0.175784949827122,0.735760168089756,1213,4-8
V2,da,polc-polo,sub-0250,0.00735916569544046,0.735760168089756,1213,4-8
V2,dg,horiz-vert,sub-0037,-0.365830526384006,1.06373103386574,2598,2-10
V2,dg,card-obl,sub-0037,-0.193663327291084,1.06373103386574,2598,2-10
V2,dg,rad-tang,sub-0037,0.244925779752063,1.06373103386574,2598,2-10
V2,dg,polc-polo,sub-0037,0.0641138292665661,1.06373103386574,2598,2-10
V2,dg,horiz-vert,sub-0201,-0.217252038114167,1.20003296745927,2619,2-10
V2,dg,card-obl,sub-0201,-0.0358012335904614,1.20003296745927,2619,2-10
V2,dg,rad-tang,sub-0201,0.0960509703266661,1.20003296745927,2619,2-10
V2,dg,polc-polo,sub-0201,-0.00856089663887085,1.20003296745927,2619,2-10
V2,dg,horiz-vert,sub-0255,-0.27568035893256,0.805355984531957,3099,2-10
V2,dg,card-obl,sub-0255,-0.0707185948817812,0.805355984531957,3099,2-10
V2,dg,rad-tang,sub-0255,0.176541995157708,0.805355984531957,3099,2-10
V2,dg,polc-polo,sub-0255,0.0263336326188246,0.805355984531957,3099,2-10
V2,dg,horiz-vert,sub-wlsubj123,-0.221947335951775,1.18183008979348,2167,2-10
V2,dg,card-obl,sub-wlsubj123,-0.108695573094648,1.18183008979348,2167,2-10
V2,dg,rad-tang,sub-wlsubj123,0.174563584380749,1.18183008979348,2167,2-10
V2,dg,polc-polo,sub-wlsubj123,0.0142971155395966,1.18183008979348,2167,2-10
V2,dg,horiz-vert,sub-wlsubj124,-0.304114362531823,0.973332603076393,3146,2-10
V2,dg,card-obl,sub-wlsubj124,-0.349574587316531,0.973332603076393,3146,2-10
V2,dg,rad-tang,sub-wlsubj124,0.174414969969256,0.973332603076393,3146,2-10
V2,dg,polc-polo,sub-wlsubj124,0.0279440366984528,0.973332603076393,3146,2-10
V2,dg,horiz-vert,sub-0395,-0.463693974322432,0.868984176109245,3161,2-10
V2,dg,card-obl,sub-0395,-0.339547873327428,0.868984176109245,3161,2-10
V2,dg,rad-tang,sub-0395,0.242885069726052,0.868984176109245,3161,2-10
V2,dg,polc-polo,sub-0395,0.0817155317014076,0.868984176109245,3161,2-10
V2,dg,horiz-vert,sub-0426,-0.399494398937257,1.30611887525737,1722,2-10
V2,dg,card-obl,sub-0426,-0.0135906132990119,1.30611887525737,1722,2-10
V2,dg,rad-tang,sub-0426,0.149915124428272,1.30611887525737,1722,2-10
V2,dg,polc-polo,sub-0426,0.0173926515116283,1.30611887525737,1722,2-10
V2,dg,horiz-vert,sub-0250,-0.278163558218023,0.745034210218667,2861,2-10
V2,dg,card-obl,sub-0250,-0.24107040265697,0.745034210218667,2861,2-10
V2,dg,rad-tang,sub-0250,0.202567058214826,0.745034210218667,2861,2-10
V2,dg,polc-polo,sub-0250,0.0428713552787343,0.745034210218667,2861,2-10
V2,da,horiz-vert,sub-0037,0.0200303922651293,1.06373103386574,2598,2-10
V2,da,card-obl,sub-0037,0.0130076334404958,1.06373103386574,2598,2-10
V2,da,rad-tang,sub-0037,0.0658352228517155,1.06373103386574,2598,2-10
V2,da,polc-polo,sub-0037,0.099794603177031,1.06373103386574,2598,2-10
V2,da,horiz-vert,sub-0201,-0.140908377308338,1.20003296745927,2619,2-10
V2,da,card-obl,sub-0201,0.0171057843822394,1.20003296745927,2619,2-10
V2,da,rad-tang,sub-0201,0.161952695159833,1.20003296745927,2619,2-10
V2,da,polc-polo,sub-0201,0.117759706056988,1.20003296745927,2619,2-10
V2,da,horiz-vert,sub-0255,-0.0822780725361874,0.805355984531957,3099,2-10
V2,da,card-obl,sub-0255,-0.02372149912177,0.805355984531957,3099,2-10
V2,da,rad-tang,sub-0255,0.192409754785564,0.805355984531957,3099,2-10
V2,da,polc-polo,sub-0255,0.0215944069270575,0.805355984531957,3099,2-10
V2,da,horiz-vert,sub-wlsubj123,-0.0855452995254702,1.18183008979348,2167,2-10
V2,da,card-obl,sub-wlsubj123,-0.0055556547315893,1.18183008979348,2167,2-10
V2,da,rad-tang,sub-wlsubj123,0.141092309232175,1.18183008979348,2167,2-10
V2,da,polc-polo,sub-wlsubj123,-0.03004698519536,1.18183008979348,2167,2-10
V2,da,horiz-vert,sub-wlsubj124,0.00670888126557997,0.973332603076393,3146,2-10
V2,da,card-obl,sub-wlsubj124,-0.00688150662145992,0.973332603076393,3146,2-10
V2,da,rad-tang,sub-wlsubj124,0.106391179364388,0.973332603076393,3146,2-10
V2,da,polc-polo,sub-wlsubj124,-0.0127902680777449,0.973332603076393,3146,2-10
V2,da,horiz-vert,sub-0395,-0.0789778876541889,0.868984176109245,3161,2-10
V2,da,card-obl,sub-0395,-0.0175240719238115,0.868984176109245,3161,2-10
V2,da,rad-tang,sub-0395,0.162603451505384,0.868984176109245,3161,2-10
V2,da,polc-polo,sub-0395,-0.0719492007360615,0.868984176109245,3161,2-10
V2,da,horiz-vert,sub-0426,-0.0660471782266926,1.30611887525737,1722,2-10
V2,da,card-obl,sub-0426,-0.0276849100554906,1.30611887525737,1722,2-10
V2,da,rad-tang,sub-0426,0.244012622790104,1.30611887525737,1722,2-10
V2,da,polc-polo,sub-0426,0.102863616800718,1.30611887525737,1722,2-10
V2,da,horiz-vert,sub-0250,-0.124319706169702,0.745034210218667,2861,2-10
V2,da,card-obl,sub-0250,-0.0291594625166544,0.745034210218667,2861,2-10
V2,da,rad-tang,sub-0250,0.150447895276411,0.745034210218667,2861,2-10
V2,da,polc-polo,sub-0250,0.0343287877486776,0.745034210218667,2861,2-10
V3,dg,horiz-vert,sub-0037,-0.106114708750116,1.06066704564993,675,4-8
V3,dg,card-obl,sub-0037,-0.125051627827119,1.06066704564993,675,4-8
V3,dg,rad-tang,sub-0037,0.119677474116663,1.06066704564993,675,4-8
V3,dg,polc-polo,sub-0037,0.0154528122206825,1.06066704564993,675,4-8
V3,dg,horiz-vert,sub-0201,-0.0174121090750477,1.14219142298989,771,4-8
V3,dg,card-obl,sub-0201,0.010192812097656,1.14219142298989,771,4-8
V3,dg,rad-tang,sub-0201,-0.000304827890268318,1.14219142298989,771,4-8
V3,dg,polc-polo,sub-0201,0.000759564399017119,1.14219142298989,771,4-8
V3,dg,horiz-vert,sub-0255,-0.0180920473244832,0.870762707920565,722,4-8
V3,dg,card-obl,sub-0255,-0.0574720087941616,0.870762707920565,722,4-8
V3,dg,rad-tang,sub-0255,0.0736632952947718,0.870762707920565,722,4-8
V3,dg,polc-polo,sub-0255,0.000741591741049506,0.870762707920565,722,4-8
V3,dg,horiz-vert,sub-wlsubj123,-0.113123801675492,1.37767727087817,690,4-8
V3,dg,card-obl,sub-wlsubj123,-0.0510961745767814,1.37767727087817,690,4-8
V3,dg,rad-tang,sub-wlsubj123,0.057385744905023,1.37767727087817,690,4-8
V3,dg,polc-polo,sub-wlsubj123,-0.0294751308719473,1.37767727087817,690,4-8
V3,dg,horiz-vert,sub-wlsubj124,-0.200419608460667,0.902348434072476,575,4-8
V3,dg,card-obl,sub-wlsubj124,-0.17746908926588,0.902348434072476,575,4-8
V3,dg,rad-tang,sub-wlsubj124,0.0806146711062454,0.902348434072476,575,4-8
V3,dg,polc-polo,sub-wlsubj124,-0.0348013240917137,0.902348434072476,575,4-8
V3,dg,horiz-vert,sub-0395,-0.254540993431704,0.85085500984731,801,4-8
V3,dg,card-obl,sub-0395,-0.309224681043325,0.85085500984731,801,4-8
V3,dg,rad-tang,sub-0395,0.0804346002699479,0.85085500984731,801,4-8
V3,dg,polc-polo,sub-0395,0.0711637413966169,0.85085500984731,801,4-8
V3,dg,horiz-vert,sub-0426,-0.230889987909144,1.16800299790584,414,4-8
V3,dg,card-obl,sub-0426,-0.0175004820159037,1.16800299790584,414,4-8
V3,dg,rad-tang,sub-0426,0.0510553246823123,1.16800299790584,414,4-8
V3,dg,polc-polo,sub-0426,-0.00180106197355394,1.16800299790584,414,4-8
V3,dg,horiz-vert,sub-0250,-0.206543056230533,0.767292455774715,512,4-8
V3,dg,card-obl,sub-0250,-0.185331035520273,0.767292455774715,512,4-8
V3,dg,rad-tang,sub-0250,0.0709901783029278,0.767292455774715,512,4-8
V3,dg,polc-polo,sub-0250,0.0997657445233628,0.767292455774715,512,4-8
V3,da,horiz-vert,sub-0037,-0.00660934136113767,1.06066704564993,675,4-8
V3,da,card-obl,sub-0037,-0.00988212685789568,1.06066704564993,675,4-8
V3,da,rad-tang,sub-0037,0.125084523372634,1.06066704564993,675,4-8
V3,da,polc-polo,sub-0037,0.0227377683193121,1.06066704564993,675,4-8
V3,da,horiz-vert,sub-0201,-0.105322915752365,1.14219142298989,771,4-8
V3,da,card-obl,sub-0201,-0.0171021152900346,1.14219142298989,771,4-8
V3,da,rad-tang,sub-0201,0.186827983644313,1.14219142298989,771,4-8
V3,da,polc-polo,sub-0201,0.051501866619828,1.14219142298989,771,4-8
V3,da,horiz-vert,sub-0255,0.0106842116243227,0.870762707920565,722,4-8
V3,da,card-obl,sub-0255,-0.0118177821173675,0.870762707920565,722,4-8
V3,da,rad-tang,sub-0255,0.131971865582927,0.870762707920565,722,4-8
V3,da,polc-polo,sub-0255,0.0615168514100022,0.870762707920565,722,4-8
V3,da,horiz-vert,sub-wlsubj123,-0.062955010037391,1.37767727087817,690,4-8
V3,da,card-obl,sub-wlsubj123,-0.00203970490836749,1.37767727087817,690,4-8
V3,da,rad-tang,sub-wlsubj123,0.139968624699021,1.37767727087817,690,4-8
V3,da,polc-polo,sub-wlsubj123,-0.0563374553381898,1.37767727087817,690,4-8
V3,da,horiz-vert,sub-wlsubj124,-0.00537747678225436,0.902348434072476,575,4-8
V3,da,card-obl,sub-wlsubj124,-0.0210649162481938,0.902348434072476,575,4-8
V3,da,rad-tang,sub-wlsubj124,0.121239593196011,0.902348434072476,575,4-8
V3,da,polc-polo,sub-wlsubj124,-0.0528442402463066,0.902348434072476,575,4-8
V3,da,horiz-vert,sub-0395,-0.032092401981316,0.85085500984731,801,4-8
V3,da,card-obl,sub-0395,0.0219474421904833,0.85085500984731,801,4-8
V3,da,rad-tang,sub-0395,0.142261462164329,0.85085500984731,801,4-8
V3,da,polc-polo,sub-0395,-0.0585524072692336,0.85085500984731,801,4-8
V3,da,horiz-vert,sub-0426,-0.0319561793607586,1.16800299790584,414,4-8
V3,da,card-obl,sub-0426,0.0309872113709244,1.16800299790584,414,4-8
V3,da,rad-tang,sub-0426,0.10344543735988,1.16800299790584,414,4-8
V3,da,polc-polo,sub-0426,0.0415471985759159,1.16800299790584,414,4-8
V3,da,horiz-vert,sub-0250,-0.04460552288103,0.767292455774715,512,4-8
V3,da,card-obl,sub-0250,-0.0365396779486239,0.767292455774715,512,4-8
V3,da,rad-tang,sub-0250,0.131491225733946,0.767292455774715,512,4-8
V3,da,polc-polo,sub-0250,-0.0592759789248922,0.767292455774715,512,4-8
V3,dg,horiz-vert,sub-0037,-0.117323932816915,1.08598485781409,1900,2-10
V3,dg,card-obl,sub-0037,-0.16284560608328,1.08598485781409,1900,2-10
V3,dg,rad-tang,sub-0037,0.124160091126551,1.08598485781409,1900,2-10
V3,dg,polc-polo,sub-0037,0.02270682440794,1.08598485781409,1900,2-10
V3,dg,horiz-vert,sub-0201,-0.0399292720306918,1.11230697403495,1685,2-10
V3,dg,card-obl,sub-0201,0.0035110388134717,1.11230697403495,1685,2-10
V3,dg,rad-tang,sub-0201,0.00551909399602674,1.11230697403495,1685,2-10
V3,dg,polc-polo,sub-0201,0.00332317139849239,1.11230697403495,1685,2-10
V3,dg,horiz-vert,sub-0255,-0.0477445793615041,0.906468603723567,1723,2-10
V3,dg,card-obl,sub-0255,-0.0555532692068503,0.906468603723567,1723,2-10
V3,dg,rad-tang,sub-0255,0.0753924901954093,0.906468603723567,1723,2-10
V3,dg,polc-polo,sub-0255,0.00629192279337581,0.906468603723567,1723,2-10
V3,dg,horiz-vert,sub-wlsubj123,-0.103969081442945,1.19201680611181,1668,2-10
V3,dg,card-obl,sub-wlsubj123,-0.0385681737177248,1.19201680611181,1668,2-10
V3,dg,rad-tang,sub-wlsubj123,0.105772065723013,1.19201680611181,1668,2-10
V3,dg,polc-polo,sub-wlsubj123,-0.0103629452762866,1.19201680611181,1668,2-10
V3,dg,horiz-vert,sub-wlsubj124,-0.186765508605384,0.951102674589767,1464,2-10
V3,dg,card-obl,sub-wlsubj124,-0.220998719893478,0.951102674589767,1464,2-10
V3,dg,rad-tang,sub-wlsubj124,0.0473707865397445,0.951102674589767,1464,2-10
V3,dg,polc-polo,sub-wlsubj124,0.0785782510070592,0.951102674589767,1464,2-10
V3,dg,horiz-vert,sub-0395,-0.299676242858811,0.865587788448597,2009,2-10
V3,dg,card-obl,sub-0395,-0.309656558624318,0.865587788448597,2009,2-10
V3,dg,rad-tang,sub-0395,0.107923200548024,0.865587788448597,2009,2-10
V3,dg,polc-polo,sub-0395,0.102681562732815,0.865587788448597,2009,2-10
V3,dg,horiz-vert,sub-0426,-0.255674546120999,1.17514022316327,940,2-10
V3,dg,card-obl,sub-0426,0.00652363602515791,1.17514022316327,940,2-10
V3,dg,rad-tang,sub-0426,0.07923240190657,1.17514022316327,940,2-10
V3,dg,polc-polo,sub-0426,0.0156030384090387,1.17514022316327,940,2-10
V3,dg,horiz-vert,sub-0250,-0.193742933869353,0.791932578600318,1389,2-10
V3,dg,card-obl,sub-0250,-0.161319273328463,0.791932578600318,1389,2-10
V3,dg,rad-tang,sub-0250,0.0924524386782455,0.791932578600318,1389,2-10
V3,dg,polc-polo,sub-0250,0.0685709866021106,0.791932578600318,1389,2-10
V3,da,horiz-vert,sub-0037,0.0171356786773657,1.08598485781409,1900,2-10
V3,da,card-obl,sub-0037,-0.00812436235380118,1.08598485781409,1900,2-10
V3,da,rad-tang,sub-0037,0.13281488660382,1.08598485781409,1900,2-10
V3,da,polc-polo,sub-0037,0.0325441771507438,1.08598485781409,1900,2-10
V3,da,horiz-vert,sub-0201,-0.0765511410634922,1.11230697403495,1685,2-10
V3,da,card-obl,sub-0201,-0.0110536583986884,1.11230697403495,1685,2-10
V3,da,rad-tang,sub-0201,0.208186917017535,1.11230697403495,1685,2-10
V3,da,polc-polo,sub-0201,0.0639486695835321,1.11230697403495,1685,2-10
V3,da,horiz-vert,sub-0255,-0.0136569216701385,0.906468603723567,1723,2-10
V3,da,card-obl,sub-0255,-0.0148946078655592,0.906468603723567,1723,2-10
V3,da,rad-tang,sub-0255,0.17400071604674,0.906468603723567,1723,2-10
V3,da,polc-polo,sub-0255,0.0480858065849486,0.906468603723567,1723,2-10
V3,da,horiz-vert,sub-wlsubj123,-0.0611297230452901,1.19201680611181,1668,2-10
V3,da,card-obl,sub-wlsubj123,-0.0276888809534681,1.19201680611181,1668,2-10
V3,da,rad-tang,sub-wlsubj123,0.154949060537319,1.19201680611181,1668,2-10
V3,da,polc-polo,sub-wlsubj123,-0.0303761689682569,1.19201680611181,1668,2-10
V3,da,horiz-vert,sub-wlsubj124,0.010757397269461,0.951102674589767,1464,2-10
V3,da,card-obl,sub-wlsubj124,-0.00549178531055497,0.951102674589767,1464,2-10
V3,da,rad-tang,sub-wlsubj124,0.149487081144081,0.951102674589767,1464,2-10
V3,da,polc-polo,sub-wlsubj124,-0.0150371786486756,0.951102674589767,1464,2-10
V3,da,horiz-vert,sub-0395,-0.0364427101712223,0.865587788448597,2009,2-10
V3,da,card-obl,sub-0395,0.0470588763613615,0.865587788448597,2009,2-10
V3,da,rad-tang,sub-0395,0.139104155689256,0.865587788448597,2009,2-10
V3,da,polc-polo,sub-0395,-0.101909946503181,0.865587788448597,2009,2-10
V3,da,horiz-vert,sub-0426,-0.0191838113046076,1.17514022316327,940,2-10
V3,da,card-obl,sub-0426,-0.00444026921321079,1.17514022316327,940,2-10
V3,da,rad-tang,sub-0426,0.234026507935238,1.17514022316327,940,2-10
V3,da,polc-polo,sub-0426,0.0820210472783801,1.17514022316327,940,2-10
V3,da,horiz-vert,sub-0250,-0.0293149500982193,0.791932578600318,1389,2-10
V3,da,card-obl,sub-0250,-0.0202948417349016,0.791932578600318,1389,2-10
V3,da,rad-tang,sub-0250,0.108425430428437,0.791932578600318,1389,2-10
V3,da,polc-polo,sub-0250,-0.0163022127469979,0.791932578600318,1389,2-10
V3a,dg,horiz-vert,sub-0037,-0.155521266301677,1.17171164843633,251,4-8
V3a,dg,card-obl,sub-0037,-0.395373759471474,1.17171164843633,251,4-8
V3a,dg,rad-tang,sub-0037,-0.0325479665245779,1.17171164843633,251,4-8
V3a,dg,polc-polo,sub-0037,0.146786835316728,1.17171164843633,251,4-8
V3a,dg,horiz-vert,sub-0201,0.128519763821641,0.94026024570156,383,4-8
V3a,dg,card-obl,sub-0201,0.0127178353091032,0.94026024570156,383,4-8
V3a,dg,rad-tang,sub-0201,-0.0405711456090766,0.94026024570156,383,4-8
V3a,dg,polc-polo,sub-0201,0.00509778078434346,0.94026024570156,383,4-8
V3a,dg,horiz-vert,sub-0255,0.0255348707739275,1.43935514347015,146,4-8
V3a,dg,card-obl,sub-0255,-0.12049211854697,1.43935514347015,146,4-8
V3a,dg,rad-tang,sub-0255,0.0565383823433666,1.43935514347015,146,4-8
V3a,dg,polc-polo,sub-0255,-0.00411455556082465,1.43935514347015,146,4-8
V3a,dg,horiz-vert,sub-wlsubj123,-0.0434625279198241,1.20953314905433,178,4-8
V3a,dg,card-obl,sub-wlsubj123,-0.0569828123164177,1.20953314905433,178,4-8
V3a,dg,rad-tang,sub-wlsubj123,0.106948409105385,1.20953314905433,178,4-8
V3a,dg,polc-polo,sub-wlsubj123,0.0192701853744341,1.20953314905433,178,4-8
V3a,dg,horiz-vert,sub-wlsubj124,-0.140944156249611,0.774278390079631,189,4-8
V3a,dg,card-obl,sub-wlsubj124,-0.170815821848071,0.774278390079631,189,4-8
V3a,dg,rad-tang,sub-wlsubj124,0.0198855173800264,0.774278390079631,189,4-8
V3a,dg,polc-polo,sub-wlsubj124,0.0131725597109064,0.774278390079631,189,4-8
V3a,dg,horiz-vert,sub-0395,-0.14846472067364,0.642120336940459,300,4-8
V3a,dg,card-obl,sub-0395,-0.205529576102681,0.642120336940459,300,4-8
V3a,dg,rad-tang,sub-0395,-0.000368906729854741,0.642120336940459,300,4-8
V3a,dg,polc-polo,sub-0395,0.0604371011906201,0.642120336940459,300,4-8
V3a,dg,horiz-vert,sub-0426,-0.0969397176929454,0.992022604092108,205,4-8
V3a,dg,card-obl,sub-0426,-0.0128728886639679,0.992022604092108,205,4-8
V3a,dg,rad-tang,sub-0426,-0.0206898784064438,0.992022604092108,205,4-8
V3a,dg,polc-polo,sub-0426,0.00712830979516989,0.992022604092108,205,4-8
V3a,dg,horiz-vert,sub-0250,-0.211585127522046,1.05708596653363,353,4-8
V3a,dg,card-obl,sub-0250,-0.262729729094046,1.05708596653363,353,4-8
V3a,dg,rad-tang,sub-0250,0.0167268183327087,1.05708596653363,353,4-8
V3a,dg,polc-polo,sub-0250,0.0968450858639045,1.05708596653363,353,4-8
V3a,da,horiz-vert,sub-0037,0.0123707581034394,1.17171164843633,251,4-8
V3a,da,card-obl,sub-0037,-0.0184451471317415,1.17171164843633,251,4-8
V3a,da,rad-tang,sub-0037,0.17836481252729,1.17171164843633,251,4-8
V3a,da,polc-polo,sub-0037,0.0300128757257267,1.17171164843633,251,4-8
V3a,da,horiz-vert,sub-0201,-0.0104684683508653,0.94026024570156,383,4-8
V3a,da,card-obl,sub-0201,0.0125096149864629,0.94026024570156,383,4-8
V3a,da,rad-tang,sub-0201,0.212581067750658,0.94026024570156,383,4-8
V3a,da,polc-polo,sub-0201,0.0713426231909151,0.94026024570156,383,4-8
V3a,da,horiz-vert,sub-0255,-0.0311583445040341,1.43935514347015,146,4-8
V3a,da,card-obl,sub-0255,0.0262782620072048,1.43935514347015,146,4-8
V3a,da,rad-tang,sub-0255,0.263706194659742,1.43935514347015,146,4-8
V3a,da,polc-polo,sub-0255,-0.0219115200788255,1.43935514347015,146,4-8
V3a,da,horiz-vert,sub-wlsubj123,-0.0919213478203027,1.20953314905433,178,4-8
V3a,da,card-obl,sub-wlsubj123,0.00950600208305061,1.20953314905433,178,4-8
V3a,da,rad-tang,sub-wlsubj123,0.129958122019626,1.20953314905433,178,4-8
V3a,da,polc-polo,sub-wlsubj123,-0.0202733513150693,1.20953314905433,178,4-8
V3a,da,horiz-vert,sub-wlsubj124,0.0969883212378162,0.774278390079631,189,4-8
V3a,da,card-obl,sub-wlsubj124,-0.0128675710061001,0.774278390079631,189,4-8
V3a,da,rad-tang,sub-wlsubj124,0.0705963516595617,0.774278390079631,189,4-8
V3a,da,polc-polo,sub-wlsubj124,-0.00425434581584993,0.774278390079631,189,4-8
V3a,da,horiz-vert,sub-0395,-0.0355210643334455,0.642120336940459,300,4-8
V3a,da,card-obl,sub-0395,0.022032720350164,0.642120336940459,300,4-8
V3a,da,rad-tang,sub-0395,0.0919554257338395,0.642120336940459,300,4-8
V3a,da,polc-polo,sub-0395,0.00862064541926809,0.642120336940459,300,4-8
V3a,da,horiz-vert,sub-0426,0.00816696478836994,0.992022604092108,205,4-8
V3a,da,card-obl,sub-0426,-0.0305591563087191,0.992022604092108,205,4-8
V3a,da,rad-tang,sub-0426,0.0614428446930887,0.992022604092108,205,4-8
V3a,da,polc-polo,sub-0426,-0.0936430873185383,0.992022604092108,205,4-8
V3a,da,horiz-vert,sub-0250,0.0692175098008108,1.05708596653363,353,4-8
V3a,da,card-obl,sub-0250,0.0125925595286673,1.05708596653363,353,4-8
V3a,da,rad-tang,sub-0250,0.203648302687497,1.05708596653363,353,4-8
V3a,da,polc-polo,sub-0250,0.0456188933386384,1.05708596653363,353,4-8
V3a,dg,horiz-vert,sub-0037,-0.202397364652661,1.22023864488621,492,2-10
V3a,dg,card-obl,sub-0037,-0.309266755289393,1.22023864488621,492,2-10
V3a,dg,rad-tang,sub-0037,0.0180497617824131,1.22023864488621,492,2-10
V3a,dg,polc-polo,sub-0037,0.0567760296024115,1.22023864488621,492,2-10
V3a,dg,horiz-vert,sub-0201,0.112742279416879,0.984413542199455,705,2-10
V3a,dg,card-obl,sub-0201,0.00175388341424357,0.984413542199455,705,2-10
V3a,dg,rad-tang,sub-0201,-0.0361605165529102,0.984413542199455,705,2-10
V3a,dg,polc-polo,sub-0201,-0.00251090287295564,0.984413542199455,705,2-10
V3a,dg,horiz-vert,sub-0255,-0.0152170305401608,1.29634343888825,356,2-10
V3a,dg,card-obl,sub-0255,-0.108339263163526,1.29634343888825,356,2-10
V3a,dg,rad-tang,sub-0255,0.0893516221993674,1.29634343888825,356,2-10
V3a,dg,polc-polo,sub-0255,-0.0182741855302374,1.29634343888825,356,2-10
V3a,dg,horiz-vert,sub-wlsubj123,-0.129377739094596,1.23540051707195,283,2-10
V3a,dg,card-obl,sub-wlsubj123,-0.0883113048779817,1.23540051707195,283,2-10
V3a,dg,rad-tang,sub-wlsubj123,0.0758969855635804,1.23540051707195,283,2-10
V3a,dg,polc-polo,sub-wlsubj123,0.0125172396591184,1.23540051707195,283,2-10
V3a,dg,horiz-vert,sub-wlsubj124,-0.124204819867721,0.822411139256626,488,2-10
V3a,dg,card-obl,sub-wlsubj124,-0.214286685449284,0.822411139256626,488,2-10
V3a,dg,rad-tang,sub-wlsubj124,0.0473004131154469,0.822411139256626,488,2-10
V3a,dg,polc-polo,sub-wlsubj124,0.00888465700882909,0.822411139256626,488,2-10
V3a,dg,horiz-vert,sub-0395,-0.157771943131557,0.675818233637329,480,2-10
V3a,dg,card-obl,sub-0395,-0.208456687804571,0.675818233637329,480,2-10
V3a,dg,rad-tang,sub-0395,-0.00769887418486105,0.675818233637329,480,2-10
V3a,dg,polc-polo,sub-0395,0.0551256014805305,0.675818233637329,480,2-10
V3a,dg,horiz-vert,sub-0426,-0.13300602935861,0.976397489215083,372,2-10
V3a,dg,card-obl,sub-0426,-0.013765496551609,0.976397489215083,372,2-10
V3a,dg,rad-tang,sub-0426,-0.0359809766899873,0.976397489215083,372,2-10
V3a,dg,polc-polo,sub-0426,0.00939993893305198,0.976397489215083,372,2-10
V3a,dg,horiz-vert,sub-0250,-0.150130674247876,0.957864879354992,701,2-10
V3a,dg,card-obl,sub-0250,-0.248588730745054,0.957864879354992,701,2-10
V3a,dg,rad-tang,sub-0250,0.0531125906544088,0.957864879354992,701,2-10
V3a,dg,polc-polo,sub-0250,0.0897848013380488,0.957864879354992,701,2-10
V3a,da,horiz-vert,sub-0037,-0.00513579858326329,1.22023864488621,492,2-10
V3a,da,card-obl,sub-0037,-0.0383076629509842,1.22023864488621,492,2-10
V3a,da,rad-tang,sub-0037,0.129779325933142,1.22023864488621,492,2-10
V3a,da,polc-polo,sub-0037,0.0106361844142245,1.22023864488621,492,2-10
V3a,da,horiz-vert,sub-0201,0.00666339711091003,0.984413542199455,705,2-10
V3a,da,card-obl,sub-0201,0.00401918918939039,0.984413542199455,705,2-10
V3a,da,rad-tang,sub-0201,0.211059324941532,0.984413542199455,705,2-10
V3a,da,polc-polo,sub-0201,0.0592360664357017,0.984413542199455,705,2-10
V3a,da,horiz-vert,sub-0255,-0.0511576175895142,1.29634343888825,356,2-10
V3a,da,card-obl,sub-0255,0.0365657201858889,1.29634343888825,356,2-10
V3a,da,rad-tang,sub-0255,0.291377099549399,1.29634343888825,356,2-10
V3a,da,polc-polo,sub-0255,-0.0363933077441956,1.29634343888825,356,2-10
V3a,da,horiz-vert,sub-wlsubj123,-0.0576416429184439,1.23540051707195,283,2-10
V3a,da,card-obl,sub-wlsubj123,0.0208144705301819,1.23540051707195,283,2-10
V3a,da,rad-tang,sub-wlsubj123,0.246705783917835,1.23540051707195,283,2-10
V3a,da,polc-polo,sub-wlsubj123,-0.0359408130989191,1.23540051707195,283,2-10
V3a,da,horiz-vert,sub-wlsubj124,0.0369556032706696,0.822411139256626,488,2-10
V3a,da,card-obl,sub-wlsubj124,-0.0270615345278886,0.822411139256626,488,2-10
V3a,da,rad-tang,sub-wlsubj124,0.129594384486548,0.822411139256626,488,2-10
V3a,da,polc-polo,sub-wlsubj124,-0.0107788717841785,0.822411139256626,488,2-10
V3a,da,horiz-vert,sub-0395,-0.0276702944028372,0.675818233637329,480,2-10
V3a,da,card-obl,sub-0395,0.0164633747320681,0.675818233637329,480,2-10
V3a,da,rad-tang,sub-0395,0.074397270608141,0.675818233637329,480,2-10
V3a,da,polc-polo,sub-0395,0.00452201574296733,0.675818233637329,480,2-10
V3a,da,horiz-vert,sub-0426,0.0090812170614766,0.976397489215083,372,2-10
V3a,da,card-obl,sub-0426,-0.0141836237931229,0.976397489215083,372,2-10
V3a,da,rad-tang,sub-0426,0.067652674676934,0.976397489215083,372,2-10
V3a,da,polc-polo,sub-0426,-0.0774251595331582,0.976397489215083,372,2-10
V3a,da,horiz-vert,sub-0250,0.0568904904444664,0.957864879354992,701,2-10
V3a,da,card-obl,sub-0250,-0.00544005002105692,0.957864879354992,701,2-10
V3a,da,rad-tang,sub-0250,0.256049405702944,0.957864879354992,701,2-10
V3a,da,polc-polo,sub-0250,0.0419884315624755,0.957864879354992,701,2-10
V3b,dg,horiz-vert,sub-0037,0.179592151315692,1.26366975442665,109,4-8
V3b,dg,card-obl,sub-0037,-0.113873283433567,1.26366975442665,109,4-8
V3b,dg,rad-tang,sub-0037,0.0425987511900035,1.26366975442665,109,4-8
V3b,dg,polc-polo,sub-0037,0.0514323775426045,1.26366975442665,109,4-8
V3b,dg,horiz-vert,sub-0201,0.0459733887436738,0.507090833529808,412,4-8
V3b,dg,card-obl,sub-0201,0.000893622855825038,0.507090833529808,412,4-8
V3b,dg,rad-tang,sub-0201,0.0238594151928833,0.507090833529808,412,4-8
V3b,dg,polc-polo,sub-0201,0.00387358113386963,0.507090833529808,412,4-8
V3b,dg,horiz-vert,sub-0255,-0.00933803512793533,0.873339700696124,218,4-8
V3b,dg,card-obl,sub-0255,0.0015441517922429,0.873339700696124,218,4-8
V3b,dg,rad-tang,sub-0255,-0.0175057920956893,0.873339700696124,218,4-8
V3b,dg,polc-polo,sub-0255,0.0201702769934923,0.873339700696124,218,4-8
V3b,dg,horiz-vert,sub-wlsubj123,-0.0727929747726009,1.44433919230339,190,4-8
V3b,dg,card-obl,sub-wlsubj123,0.00219497212674107,1.44433919230339,190,4-8
V3b,dg,rad-tang,sub-wlsubj123,0.00346505517801393,1.44433919230339,190,4-8
V3b,dg,polc-polo,sub-wlsubj123,-0.0134416014668021,1.44433919230339,190,4-8
V3b,dg,horiz-vert,sub-wlsubj124,-0.185804910880529,1.58195745700674,23,4-8
V3b,dg,card-obl,sub-wlsubj124,-0.0341356930267914,1.58195745700674,23,4-8
V3b,dg,rad-tang,sub-wlsubj124,-0.259348335967303,1.58195745700674,23,4-8
V3b,dg,polc-polo,sub-wlsubj124,-0.0034115528926463,1.58195745700674,23,4-8
V3b,dg,horiz-vert,sub-0395,-0.0893912366492496,1.32293055061903,60,4-8
V3b,dg,card-obl,sub-0395,-0.145733991155381,1.32293055061903,60,4-8
V3b,dg,rad-tang,sub-0395,-0.0325355744103561,1.32293055061903,60,4-8
V3b,dg,polc-polo,sub-0395,-0.0399211214151235,1.32293055061903,60,4-8
V3b,dg,horiz-vert,sub-0426,0.0626841135626313,1.13898759162284,76,4-8
V3b,dg,card-obl,sub-0426,0.0975540252864687,1.13898759162284,76,4-8
V3b,dg,rad-tang,sub-0426,0.0782218056257464,1.13898759162284,76,4-8
V3b,dg,polc-polo,sub-0426,-0.0451380826915918,1.13898759162284,76,4-8
V3b,dg,horiz-vert,sub-0250,-0.0749243593885061,0.519012014588622,197,4-8
V3b,dg,card-obl,sub-0250,-0.0891220027451064,0.519012014588622,197,4-8
V3b,dg,rad-tang,sub-0250,0.00975839928652199,0.519012014588622,197,4-8
V3b,dg,polc-polo,sub-0250,0.0522138680958521,0.519012014588622,197,4-8
V3b,da,horiz-vert,sub-0037,-0.00893629015533028,1.26366975442665,109,4-8
V3b,da,card-obl,sub-0037,0.0502796059500982,1.26366975442665,109,4-8
V3b,da,rad-tang,sub-0037,0.0407739554464883,1.26366975442665,109,4-8
V3b,da,polc-polo,sub-0037,-0.0842315520179119,1.26366975442665,109,4-8
V3b,da,horiz-vert,sub-0201,0.0177051802062742,0.507090833529808,412,4-8
V3b,da,card-obl,sub-0201,-0.0418445623085481,0.507090833529808,412,4-8
V3b,da,rad-tang,sub-0201,0.153231873801677,0.507090833529808,412,4-8
V3b,da,polc-polo,sub-0201,0.0572269416460921,0.507090833529808,412,4-8
V3b,da,horiz-vert,sub-0255,0.0334033713225375,0.873339700696124,218,4-8
V3b,da,card-obl,sub-0255,0.0304712020481121,0.873339700696124,218,4-8
V3b,da,rad-tang,sub-0255,0.0953250551382939,0.873339700696124,218,4-8
V3b,da,polc-polo,sub-0255,0.0127484048281613,0.873339700696124,218,4-8
V3b,da,horiz-vert,sub-wlsubj123,0.0256483971802848,1.44433919230339,190,4-8
V3b,da,card-obl,sub-wlsubj123,0.0199954693759751,1.44433919230339,190,4-8
V3b,da,rad-tang,sub-wlsubj123,0.0228840505158574,1.44433919230339,190,4-8
V3b,da,polc-polo,sub-wlsubj123,-0.0132709776267075,1.44433919230339,190,4-8
V3b,da,horiz-vert,sub-wlsubj124,0.275282293398566,1.58195745700674,23,4-8
V3b,da,card-obl,sub-wlsubj124,0.00847438411040038,1.58195745700674,23,4-8
V3b,da,rad-tang,sub-wlsubj124,0.258570261379022,1.58195745700674,23,4-8
V3b,da,polc-polo,sub-wlsubj124,0.127787665376438,1.58195745700674,23,4-8
V3b,da,horiz-vert,sub-0395,-0.0559952910185688,1.32293055061903,60,4-8
V3b,da,card-obl,sub-0395,0.0161274852811379,1.32293055061903,60,4-8
V3b,da,rad-tang,sub-0395,0.06553038409393,1.32293055061903,60,4-8
V3b,da,polc-polo,sub-0395,-0.0290393649989608,1.32293055061903,60,4-8
V3b,da,horiz-vert,sub-0426,0.0183905869528422,1.13898759162284,76,4-8
V3b,da,card-obl,sub-0426,0.02778964550524,1.13898759162284,76,4-8
V3b,da,rad-tang,sub-0426,0.200369798285585,1.13898759162284,76,4-8
V3b,da,polc-polo,sub-0426,-0.126796035244345,1.13898759162284,76,4-8
V3b,da,horiz-vert,sub-0250,0.00450872472072521,0.519012014588622,197,4-8
V3b,da,card-obl,sub-0250,-0.00424205703507127,0.519012014588622,197,4-8
V3b,da,rad-tang,sub-0250,0.0819548150871702,0.519012014588622,197,4-8
V3b,da,polc-polo,sub-0250,0.0378367827020741,0.519012014588622,197,4-8
V3b,dg,horiz-vert,sub-0037,0.168546253932548,1.31923943842838,273,2-10
V3b,dg,card-obl,sub-0037,-0.148310276337975,1.31923943842838,273,2-10
V3b,dg,rad-tang,sub-0037,0.0484824811670597,1.31923943842838,273,2-10
V3b,dg,polc-polo,sub-0037,0.00557946771069025,1.31923943842838,273,2-10
V3b,dg,horiz-vert,sub-0201,0.0390617339456487,0.54298564926328,637,2-10
V3b,dg,card-obl,sub-0201,-0.000217570153207684,0.54298564926328,637,2-10
V3b,dg,rad-tang,sub-0201,0.019015391418823,0.54298564926328,637,2-10
V3b,dg,polc-polo,sub-0201,-0.00200009493064255,0.54298564926328,637,2-10
V3b,dg,horiz-vert,sub-0255,-0.00631758941459031,0.876568171805446,355,2-10
V3b,dg,card-obl,sub-0255,0.0211578664840141,0.876568171805446,355,2-10
V3b,dg,rad-tang,sub-0255,-0.0443209342359393,0.876568171805446,355,2-10
V3b,dg,polc-polo,sub-0255,0.0109230034313858,0.876568171805446,355,2-10
V3b,dg,horiz-vert,sub-wlsubj123,-0.0815304564757448,1.44468716707997,320,2-10
V3b,dg,card-obl,sub-wlsubj123,-0.00403987276059407,1.44468716707997,320,2-10
V3b,dg,rad-tang,sub-wlsubj123,0.0410905284099989,1.44468716707997,320,2-10
V3b,dg,polc-polo,sub-wlsubj123,-0.0205252237570932,1.44468716707997,320,2-10
V3b,dg,horiz-vert,sub-wlsubj124,-0.150558733322175,1.42407851708582,115,2-10
V3b,dg,card-obl,sub-wlsubj124,-0.0145439756378676,1.42407851708582,115,2-10
V3b,dg,rad-tang,sub-wlsubj124,0.0745606892491505,1.42407851708582,115,2-10
V3b,dg,polc-polo,sub-wlsubj124,-0.0315704797061006,1.42407851708582,115,2-10
V3b,dg,horiz-vert,sub-0395,-0.153268352279872,1.1361449877776,162,2-10
V3b,dg,card-obl,sub-0395,-0.06095478753694,1.1361449877776,162,2-10
V3b,dg,rad-tang,sub-0395,0.0479577662380953,1.1361449877776,162,2-10
V3b,dg,polc-polo,sub-0395,0.00876925757859591,1.1361449877776,162,2-10
V3b,dg,horiz-vert,sub-0426,0.0934311625160082,1.06154397630161,120,2-10
V3b,dg,card-obl,sub-0426,0.0857144205213435,1.06154397630161,120,2-10
V3b,dg,rad-tang,sub-0426,0.0352066101963187,1.06154397630161,120,2-10
V3b,dg,polc-polo,sub-0426,-0.0158476124016248,1.06154397630161,120,2-10
V3b,dg,horiz-vert,sub-0250,-0.0614008238092321,0.641834160395057,326,2-10
V3b,dg,card-obl,sub-0250,-0.128341176541137,0.641834160395057,326,2-10
V3b,dg,rad-tang,sub-0250,0.0324543556933785,0.641834160395057,326,2-10
V3b,dg,polc-polo,sub-0250,0.0683320933480445,0.641834160395057,326,2-10
V3b,da,horiz-vert,sub-0037,-0.0680004531155388,1.31923943842838,273,2-10
V3b,da,card-obl,sub-0037,-0.00591800028033888,1.31923943842838,273,2-10
V3b,da,rad-tang,sub-0037,0.0706674182921038,1.31923943842838,273,2-10
V3b,da,polc-polo,sub-0037,-0.0513595197735839,1.31923943842838,273,2-10
V3b,da,horiz-vert,sub-0201,-0.00182313591927534,0.54298564926328,637,2-10
V3b,da,card-obl,sub-0201,-0.0334183100857141,0.54298564926328,637,2-10
V3b,da,rad-tang,sub-0201,0.148576699033838,0.54298564926328,637,2-10
V3b,da,polc-polo,sub-0201,0.0691426472096926,0.54298564926328,637,2-10
V3b,da,horiz-vert,sub-0255,0.0206679836136201,0.876568171805446,355,2-10
V3b,da,card-obl,sub-0255,0.0108309811222003,0.876568171805446,355,2-10
V3b,da,rad-tang,sub-0255,0.131253876354542,0.876568171805446,355,2-10
V3b,da,polc-polo,sub-0255,0.00726387023916001,0.876568171805446,355,2-10
V3b,da,horiz-vert,sub-wlsubj123,-0.0165252987336369,1.44468716707997,320,2-10
V3b,da,card-obl,sub-wlsubj123,0.008521251682613,1.44468716707997,320,2-10
V3b,da,rad-tang,sub-wlsubj123,0.0656161806974654,1.44468716707997,320,2-10
V3b,da,polc-polo,sub-wlsubj123,-0.0249292387673892,1.44468716707997,320,2-10
V3b,da,horiz-vert,sub-wlsubj124,-0.0756335849435959,1.42407851708582,115,2-10
V3b,da,card-obl,sub-wlsubj124,0.0666983921990922,1.42407851708582,115,2-10
V3b,da,rad-tang,sub-wlsubj124,0.278607322833169,1.42407851708582,115,2-10
V3b,da,polc-polo,sub-wlsubj124,0.0727093965832095,1.42407851708582,115,2-10
V3b,da,horiz-vert,sub-0395,0.0202009361588314,1.1361449877776,162,2-10
V3b,da,card-obl,sub-0395,0.07366635246676,1.1361449877776,162,2-10
V3b,da,rad-tang,sub-0395,0.0153984498283378,1.1361449877776,162,2-10
V3b,da,polc-polo,sub-0395,0.0278784458429535,1.1361449877776,162,2-10
V3b,da,horiz-vert,sub-0426,0.00450814770847059,1.06154397630161,120,2-10
V3b,da,card-obl,sub-0426,-0.011094290209961,1.06154397630161,120,2-10
V3b,da,rad-tang,sub-0426,0.163354082541804,1.06154397630161,120,2-10
V3b,da,polc-polo,sub-0426,-0.11117940737143,1.06154397630161,120,2-10
V3b,da,horiz-vert,sub-0250,0.0284986275716446,0.641834160395057,326,2-10
V3b,da,card-obl,sub-0250,-0.0163181591403315,0.641834160395057,326,2-10
V3b,da,rad-tang,sub-0250,0.101110853860415,0.641834160395057,326,2-10
V3b,da,polc-polo,sub-0250,0.0382507447221494,0.641834160395057,326,2-10
hV4,dg,horiz-vert,sub-0037,0.126511378969749,1.10383263813707,33,4-8
hV4,dg,card-obl,sub-0037,-0.0818479111588075,1.10383263813707,33,4-8
hV4,dg,rad-tang,sub-0037,-0.0203087132594862,1.10383263813707,33,4-8
hV4,dg,polc-polo,sub-0037,0.0709346730622034,1.10383263813707,33,4-8
hV4,dg,horiz-vert,sub-0201,-0.0822331159255711,0.804355519037699,226,4-8
hV4,dg,card-obl,sub-0201,0.029946192174633,0.804355519037699,226,4-8
hV4,dg,rad-tang,sub-0201,-0.0490301241076916,0.804355519037699,226,4-8
hV4,dg,polc-polo,sub-0201,0.0094762507905505,0.804355519037699,226,4-8
hV4,dg,horiz-vert,sub-0255,0.119426281476269,0.757278154117815,81,4-8
hV4,dg,card-obl,sub-0255,0.0904220044936196,0.757278154117815,81,4-8
hV4,dg,rad-tang,sub-0255,0.0332358230495985,0.757278154117815,81,4-8
hV4,dg,polc-polo,sub-0255,-0.0102456925843445,0.757278154117815,81,4-8
hV4,dg,horiz-vert,sub-wlsubj123,-0.0566896780122921,1.32259742603257,232,4-8
hV4,dg,card-obl,sub-wlsubj123,-0.0110945830942271,1.32259742603257,232,4-8
hV4,dg,rad-tang,sub-wlsubj123,0.0413972320752809,1.32259742603257,232,4-8
hV4,dg,polc-polo,sub-wlsubj123,0.0202061247983901,1.32259742603257,232,4-8
hV4,dg,horiz-vert,sub-wlsubj124,-0.0714496196606929,0.78238798125884,209,4-8
hV4,dg,card-obl,sub-wlsubj124,-0.120715944663214,0.78238798125884,209,4-8
hV4,dg,rad-tang,sub-wlsubj124,-0.0917679599524017,0.78238798125884,209,4-8
hV4,dg,polc-polo,sub-wlsubj124,0.00881154356464364,0.78238798125884,209,4-8
hV4,dg,horiz-vert,sub-0395,-0.311138516517608,0.832198267105287,114,4-8
hV4,dg,card-obl,sub-0395,-0.27749776895751,0.832198267105287,114,4-8
hV4,dg,rad-tang,sub-0395,0.0464401409251201,0.832198267105287,114,4-8
hV4,dg,polc-polo,sub-0395,0.0286021034881198,0.832198267105287,114,4-8
hV4,dg,horiz-vert,sub-0426,-0.162842517792211,1.73531623281964,126,4-8
hV4,dg,card-obl,sub-0426,-0.0708133928143607,1.73531623281964,126,4-8
hV4,dg,rad-tang,sub-0426,0.00544467543624324,1.73531623281964,126,4-8
hV4,dg,polc-polo,sub-0426,0.13265747994582,1.73531623281964,126,4-8
hV4,dg,horiz-vert,sub-0250,-0.445812617391773,0.995263355838531,10,4-8
hV4,dg,card-obl,sub-0250,-0.227392209299325,0.995263355838531,10,4-8
hV4,dg,rad-tang,sub-0250,-0.32732315176973,0.995263355838531,10,4-8
hV4,dg,polc-polo,sub-0250,0.0623395079426423,0.995263355838531,10,4-8
hV4,da,horiz-vert,sub-0037,-0.120012644481587,1.10383263813707,33,4-8
hV4,da,card-obl,sub-0037,-0.0383738479632184,1.10383263813707,33,4-8
hV4,da,rad-tang,sub-0037,0.023958275377992,1.10383263813707,33,4-8
hV4,da,polc-polo,sub-0037,-0.00245185057152295,1.10383263813707,33,4-8
hV4,da,horiz-vert,sub-0201,0.0778419049068864,0.804355519037699,226,4-8
hV4,da,card-obl,sub-0201,-0.0166515000556744,0.804355519037699,226,4-8
hV4,da,rad-tang,sub-0201,0.190113105632818,0.804355519037699,226,4-8
hV4,da,polc-polo,sub-0201,0.135355325889736,0.804355519037699,226,4-8
hV4,da,horiz-vert,sub-0255,-0.00156172860508713,0.757278154117815,81,4-8
hV4,da,card-obl,sub-0255,0.0408316234024048,0.757278154117815,81,4-8
hV4,da,rad-tang,sub-0255,0.159619125614197,0.757278154117815,81,4-8
hV4,da,polc-polo,sub-0255,-0.0142448068320853,0.757278154117815,81,4-8
hV4,da,horiz-vert,sub-wlsubj123,0.0648711563561945,1.32259742603257,232,4-8
hV4,da,card-obl,sub-wlsubj123,0.00880667989761268,1.32259742603257,232,4-8
hV4,da,rad-tang,sub-wlsubj123,0.147208018328287,1.32259742603257,232,4-8
hV4,da,polc-polo,sub-wlsubj123,-0.05068426260739,1.32259742603257,232,4-8
hV4,da,horiz-vert,sub-wlsubj124,0.154783692971891,0.78238798125884,209,4-8
hV4,da,card-obl,sub-wlsubj124,-0.0588369467389125,0.78238798125884,209,4-8
hV4,da,rad-tang,sub-wlsubj124,0.165703670406194,0.78238798125884,209,4-8
hV4,da,polc-polo,sub-wlsubj124,-0.0441275694712752,0.78238798125884,209,4-8
hV4,da,horiz-vert,sub-0395,0.0654290018183525,0.832198267105287,114,4-8
hV4,da,card-obl,sub-0395,0.0613341200023046,0.832198267105287,114,4-8
hV4,da,rad-tang,sub-0395,0.240507419763057,0.832198267105287,114,4-8
hV4,da,polc-polo,sub-0395,-0.123437650238923,0.832198267105287,114,4-8
hV4,da,horiz-vert,sub-0426,0.168926895317296,1.73531623281964,126,4-8
hV4,da,card-obl,sub-0426,-0.147889736342301,1.73531623281964,126,4-8
hV4,da,rad-tang,sub-0426,0.654828258370242,1.73531623281964,126,4-8
hV4,da,polc-polo,sub-0426,0.181687255233415,1.73531623281964,126,4-8
hV4,da,horiz-vert,sub-0250,-0.104747476841501,0.995263355838531,10,4-8
hV4,da,card-obl,sub-0250,0.107726756181746,0.995263355838531,10,4-8
hV4,da,rad-tang,sub-0250,-0.0157753538964475,0.995263355838531,10,4-8
hV4,da,polc-polo,sub-0250,0.0317019550654008,0.995263355838531,10,4-8
hV4,dg,horiz-vert,sub-0037,0.00394051969813238,0.789278793714517,520,2-10
hV4,dg,card-obl,sub-0037,-0.143554628002865,0.789278793714517,520,2-10
hV4,dg,rad-tang,sub-0037,0.089798639625678,0.789278793714517,520,2-10
hV4,dg,polc-polo,sub-0037,-0.0374933344826697,0.789278793714517,520,2-10
hV4,dg,horiz-vert,sub-0201,-0.0980316675168404,1.02743796808574,724,2-10
hV4,dg,card-obl,sub-0201,0.0314091394480731,1.02743796808574,724,2-10
hV4,dg,rad-tang,sub-0201,-0.0163828377813552,1.02743796808574,724,2-10
hV4,dg,polc-polo,sub-0201,0.0142695312739674,1.02743796808574,724,2-10
hV4,dg,horiz-vert,sub-0255,0.0594562239366416,0.816090827468602,344,2-10
hV4,dg,card-obl,sub-0255,0.0537554845847929,0.816090827468602,344,2-10
hV4,dg,rad-tang,sub-0255,0.0159800306795292,0.816090827468602,344,2-10
hV4,dg,polc-polo,sub-0255,0.0175939286828101,0.816090827468602,344,2-10
hV4,dg,horiz-vert,sub-wlsubj123,-0.105389989025622,1.35216481566328,522,2-10
hV4,dg,card-obl,sub-wlsubj123,-0.0121967094574831,1.35216481566328,522,2-10
hV4,dg,rad-tang,sub-wlsubj123,0.0851801816956717,1.35216481566328,522,2-10
hV4,dg,polc-polo,sub-wlsubj123,-0.00189134905414684,1.35216481566328,522,2-10
hV4,dg,horiz-vert,sub-wlsubj124,-0.168239870161444,0.875615477293814,344,2-10
hV4,dg,card-obl,sub-wlsubj124,-0.235196212357745,0.875615477293814,344,2-10
hV4,dg,rad-tang,sub-wlsubj124,-0.00816257629119561,0.875615477293814,344,2-10
hV4,dg,polc-polo,sub-wlsubj124,-0.0282853275175254,0.875615477293814,344,2-10
hV4,dg,horiz-vert,sub-0395,-0.317350999271399,0.97903749373403,511,2-10
hV4,dg,card-obl,sub-0395,-0.223890488336457,0.97903749373403,511,2-10
hV4,dg,rad-tang,sub-0395,-0.0208391604554213,0.97903749373403,511,2-10
hV4,dg,polc-polo,sub-0395,0.00470697950579536,0.97903749373403,511,2-10
hV4,dg,horiz-vert,sub-0426,-0.1920599611298,1.4000818331803,397,2-10
hV4,dg,card-obl,sub-0426,0.00398340158357377,1.4000818331803,397,2-10
hV4,dg,rad-tang,sub-0426,0.0566833707611111,1.4000818331803,397,2-10
hV4,dg,polc-polo,sub-0426,0.048865331180505,1.4000818331803,397,2-10
hV4,dg,horiz-vert,sub-0250,-0.2505457109606,0.931064253992643,124,2-10
hV4,dg,card-obl,sub-0250,-0.186966381106702,0.931064253992643,124,2-10
hV4,dg,rad-tang,sub-0250,-0.106589299408882,0.931064253992643,124,2-10
hV4,dg,polc-polo,sub-0250,0.0042306546759003,0.931064253992643,124,2-10
hV4,da,horiz-vert,sub-0037,0.109616616822832,0.789278793714517,520,2-10
hV4,da,card-obl,sub-0037,-0.0306486670480718,0.789278793714517,520,2-10
hV4,da,rad-tang,sub-0037,-0.0542265776589037,0.789278793714517,520,2-10
hV4,da,polc-polo,sub-0037,0.185456614638185,0.789278793714517,520,2-10
hV4,da,horiz-vert,sub-0201,0.00686320730805963,1.02743796808574,724,2-10
hV4,da,card-obl,sub-0201,-0.029204494564304,1.02743796808574,724,2-10
hV4,da,rad-tang,sub-0201,0.315735312284806,1.02743796808574,724,2-10
hV4,da,polc-polo,sub-0201,0.189264604867802,1.02743796808574,724,2-10
hV4,da,horiz-vert,sub-0255,0.0358122434775906,0.816090827468602,344,2-10
hV4,da,card-obl,sub-0255,0.0674753715168799,0.816090827468602,344,2-10
hV4,da,rad-tang,sub-0255,0.21421804446723,0.816090827468602,344,2-10
hV4,da,polc-polo,sub-0255,0.0190515374333613,0.816090827468602,344,2-10
hV4,da,horiz-vert,sub-wlsubj123,0.0776253957711044,1.35216481566328,522,2-10
hV4,da,card-obl,sub-wlsubj123,-0.0425037799574676,1.35216481566328,522,2-10
hV4,da,rad-tang,sub-wlsubj123,0.144443480468137,1.35216481566328,522,2-10
hV4,da,polc-polo,sub-wlsubj123,-0.00387082103801234,1.35216481566328,522,2-10
hV4,da,horiz-vert,sub-wlsubj124,0.127303797513126,0.875615477293814,344,2-10
hV4,da,card-obl,sub-wlsubj124,-0.0115699792932644,0.875615477293814,344,2-10
hV4,da,rad-tang,sub-wlsubj124,0.049174678088897,0.875615477293814,344,2-10
hV4,da,polc-polo,sub-wlsubj124,-0.0881006927207261,0.875615477293814,344,2-10
hV4,da,horiz-vert,sub-0395,0.0230598446707712,0.97903749373403,511,2-10
hV4,da,card-obl,sub-0395,0.0273352514371931,0.97903749373403,511,2-10
hV4,da,rad-tang,sub-0395,0.127671666365621,0.97903749373403,511,2-10
hV4,da,polc-polo,sub-0395,-0.119133321050646,0.97903749373403,511,2-10
hV4,da,horiz-vert,sub-0426,0.0682686425695804,1.4000818331803,397,2-10
hV4,da,card-obl,sub-0426,-0.0857029290265241,1.4000818331803,397,2-10
hV4,da,rad-tang,sub-0426,0.469252105574327,1.4000818331803,397,2-10
hV4,da,polc-polo,sub-0426,0.204190019186908,1.4000818331803,397,2-10
hV4,da,horiz-vert,sub-0250,0.158593309194269,0.931064253992643,124,2-10
hV4,da,card-obl,sub-0250,0.040551893986996,0.931064253992643,124,2-10
hV4,da,rad-tang,sub-0250,0.351894116965445,0.931064253992643,124,2-10
hV4,da,polc-polo,sub-0250,0.136717633679145,0.931064253992643,124,2-10
MT,dg,horiz-vert,sub-0037,-0.0477307361240188,1,12,4-8
MT,dg,card-obl,sub-0037,-0.104125611949712,1,12,4-8
MT,dg,rad-tang,sub-0037,0.00683296502878269,1,12,4-8
MT,dg,polc-polo,sub-0037,0.0933681572787464,1,12,4-8
MT,dg,horiz-vert,sub-0201,0.0425677585376646,1,61,4-8
MT,dg,card-obl,sub-0201,-0.115205029484935,1,61,4-8
MT,dg,rad-tang,sub-0201,-0.0486713233847681,1,61,4-8
MT,dg,polc-polo,sub-0201,0.0596136339923151,1,61,4-8
MT,dg,horiz-vert,sub-0255,-0.0451914077942856,1,196,4-8
MT,dg,card-obl,sub-0255,-0.137264982594793,1,196,4-8
MT,dg,rad-tang,sub-0255,-0.03629172206503,1,196,4-8
MT,dg,polc-polo,sub-0255,0.0606958051600669,1,196,4-8
MT,dg,horiz-vert,sub-wlsubj123,NaN,1,0,4-8
MT,dg,card-obl,sub-wlsubj123,NaN,1,0,4-8
MT,dg,rad-tang,sub-wlsubj123,NaN,1,0,4-8
MT,dg,polc-polo,sub-wlsubj123,NaN,1,0,4-8
MT,dg,horiz-vert,sub-wlsubj124,0.151909996405408,1,67,4-8
MT,dg,card-obl,sub-wlsubj124,0.00222541779141545,1,67,4-8
MT,dg,rad-tang,sub-wlsubj124,0.103123104982863,1,67,4-8
MT,dg,polc-polo,sub-wlsubj124,-0.0557227322752434,1,67,4-8
MT,dg,horiz-vert,sub-0395,-0.0696229870922657,1,86,4-8
MT,dg,card-obl,sub-0395,-0.168796463887621,1,86,4-8
MT,dg,rad-tang,sub-0395,-0.00690074884591418,1,86,4-8
MT,dg,polc-polo,sub-0395,0.034614571202029,1,86,4-8
MT,dg,horiz-vert,sub-0426,-0.110441082841991,1,21,4-8
MT,dg,card-obl,sub-0426,-0.119219037834281,1,21,4-8
MT,dg,rad-tang,sub-0426,-0.0265141415738446,1,21,4-8
MT,dg,polc-polo,sub-0426,0.0156803632716594,1,21,4-8
MT,dg,horiz-vert,sub-0250,-0.133834778213209,1,102,4-8
MT,dg,card-obl,sub-0250,0.00773139537216953,1,102,4-8
MT,dg,rad-tang,sub-0250,-0.0278544412394327,1,102,4-8
MT,dg,polc-polo,sub-0250,-0.0411611441376828,1,102,4-8
MT,da,horiz-vert,sub-0037,-0.0536536313593388,1,12,4-8
MT,da,card-obl,sub-0037,-0.00737662551303705,1,12,4-8
MT,da,rad-tang,sub-0037,0.0703383597234885,1,12,4-8
MT,da,polc-polo,sub-0037,-0.0760831826676925,1,12,4-8
MT,da,horiz-vert,sub-0201,0.0928557000905882,1,61,4-8
MT,da,card-obl,sub-0201,0.0763763458075065,1,61,4-8
MT,da,rad-tang,sub-0201,0.0546423065044268,1,61,4-8
MT,da,polc-polo,sub-0201,-0.122474318486454,1,61,4-8
MT,da,horiz-vert,sub-0255,0.0478249143019669,1,196,4-8
MT,da,card-obl,sub-0255,-0.00494595948565443,1,196,4-8
MT,da,rad-tang,sub-0255,0.168253173807513,1,196,4-8
MT,da,polc-polo,sub-0255,-0.0381179304636986,1,196,4-8
MT,da,horiz-vert,sub-wlsubj123,NaN,1,0,4-8
MT,da,card-obl,sub-wlsubj123,NaN,1,0,4-8
MT,da,rad-tang,sub-wlsubj123,NaN,1,0,4-8
MT,da,polc-polo,sub-wlsubj123,NaN,1,0,4-8
MT,da,horiz-vert,sub-wlsubj124,-0.0888441056224616,1,67,4-8
MT,da,card-obl,sub-wlsubj124,-0.0864139957077999,1,67,4-8
MT,da,rad-tang,sub-wlsubj124,-0.114942678644052,1,67,4-8
MT,da,polc-polo,sub-wlsubj124,-0.124901169014245,1,67,4-8
MT,da,horiz-vert,sub-0395,0.280444205917108,1,86,4-8
MT,da,card-obl,sub-0395,-0.0203333057915895,1,86,4-8
MT,da,rad-tang,sub-0395,0.499276045792633,1,86,4-8
MT,da,polc-polo,sub-0395,-0.0502129102293919,1,86,4-8
MT,da,horiz-vert,sub-0426,0.0082913285586983,1,21,4-8
MT,da,card-obl,sub-0426,0.0171943431076429,1,21,4-8
MT,da,rad-tang,sub-0426,-0.0922414583619684,1,21,4-8
MT,da,polc-polo,sub-0426,-0.147531416890321,1,21,4-8
MT,da,horiz-vert,sub-0250,0.0496735902891296,1,102,4-8
MT,da,card-obl,sub-0250,6.87480863900923e-05,1,102,4-8
MT,da,rad-tang,sub-0250,0.153914860844446,1,102,4-8
MT,da,polc-polo,sub-0250,0.101005473718742,1,102,4-8
MT,dg,horiz-vert,sub-0037,0.00671649416455955,1.04755163247909,110,2-10
MT,dg,card-obl,sub-0037,-0.166984181354417,1.04755163247909,110,2-10
MT,dg,rad-tang,sub-0037,-0.0313292503928371,1.04755163247909,110,2-10
MT,dg,polc-polo,sub-0037,0.0492062394999255,1.04755163247909,110,2-10
MT,dg,horiz-vert,sub-0201,0.0357038296512415,1.34084828418666,197,2-10
MT,dg,card-obl,sub-0201,-0.137102684511636,1.34084828418666,197,2-10
MT,dg,rad-tang,sub-0201,0.00149779931125076,1.34084828418666,197,2-10
MT,dg,polc-polo,sub-0201,0.0105528400544287,1.34084828418666,197,2-10
MT,dg,horiz-vert,sub-0255,-0.0344856621331065,0.747860563709696,328,2-10
MT,dg,card-obl,sub-0255,-0.09122413263166,0.747860563709696,328,2-10
MT,dg,rad-tang,sub-0255,0.00958762643133209,0.747860563709696,328,2-10
MT,dg,polc-polo,sub-0255,0.0322684598781207,0.747860563709696,328,2-10
MT,dg,horiz-vert,sub-wlsubj123,-0.123272998714087,0.92639027722095,12,2-10
MT,dg,card-obl,sub-wlsubj123,-0.173978874997727,0.92639027722095,12,2-10
MT,dg,rad-tang,sub-wlsubj123,-0.109151568086833,0.92639027722095,12,2-10
MT,dg,polc-polo,sub-wlsubj123,0.0237175370596268,0.92639027722095,12,2-10
MT,dg,horiz-vert,sub-wlsubj124,0.175984193668265,1.12929764062399,122,2-10
MT,dg,card-obl,sub-wlsubj124,-0.0339408405164889,1.12929764062399,122,2-10
MT,dg,rad-tang,sub-wlsubj124,0.17340446934841,1.12929764062399,122,2-10
MT,dg,polc-polo,sub-wlsubj124,-0.00380281469153045,1.12929764062399,122,2-10
MT,dg,horiz-vert,sub-0395,0.038360346626396,0.861748453912807,197,2-10
MT,dg,card-obl,sub-0395,-0.15701312329907,0.861748453912807,197,2-10
MT,dg,rad-tang,sub-0395,-0.0147584559561843,0.861748453912807,197,2-10
MT,dg,polc-polo,sub-0395,0.0148582283766496,0.861748453912807,197,2-10
MT,dg,horiz-vert,sub-0426,-0.278123109112773,1.13942277300662,77,2-10
MT,dg,card-obl,sub-0426,-0.161620080276385,1.13942277300662,77,2-10
MT,dg,rad-tang,sub-0426,-0.02129980214974,1.13942277300662,77,2-10
MT,dg,polc-polo,sub-0426,0.0520115316700439,1.13942277300662,77,2-10
MT,dg,horiz-vert,sub-0250,-0.188708320046864,0.926736933947379,234,2-10
MT,dg,card-obl,sub-0250,-0.0373193515072519,0.926736933947379,234,2-10
MT,dg,rad-tang,sub-0250,0.0249157644737346,0.926736933947379,234,2-10
MT,dg,polc-polo,sub-0250,-0.0132132073272509,0.926736933947379,234,2-10
MT,da,horiz-vert,sub-0037,0.057080587577859,1.04755163247909,110,2-10
MT,da,card-obl,sub-0037,0.0373862474214404,1.04755163247909,110,2-10
MT,da,rad-tang,sub-0037,0.134880169272462,1.04755163247909,110,2-10
MT,da,polc-polo,sub-0037,-0.109978933711472,1.04755163247909,110,2-10
MT,da,horiz-vert,sub-0201,0.142778475202937,1.34084828418666,197,2-10
MT,da,card-obl,sub-0201,0.020641821648454,1.34084828418666,197,2-10
MT,da,rad-tang,sub-0201,0.165793599458755,1.34084828418666,197,2-10
MT,da,polc-polo,sub-0201,-0.0899157489120618,1.34084828418666,197,2-10
MT,da,horiz-vert,sub-0255,0.0328333278592797,0.747860563709696,328,2-10
MT,da,card-obl,sub-0255,-0.00813189876824488,0.747860563709696,328,2-10
MT,da,rad-tang,sub-0255,0.119505491755971,0.747860563709696,328,2-10
MT,da,polc-polo,sub-0255,-0.0243608495300827,0.747860563709696,328,2-10
MT,da,horiz-vert,sub-wlsubj123,0.324376028020017,0.92639027722095,12,2-10
MT,da,card-obl,sub-wlsubj123,-0.0149287952840106,0.92639027722095,12,2-10
MT,da,rad-tang,sub-wlsubj123,0.449887083781174,0.92639027722095,12,2-10
MT,da,polc-polo,sub-wlsubj123,0.0321783610434571,0.92639027722095,12,2-10
MT,da,horiz-vert,sub-wlsubj124,-0.0608706764120758,1.12929764062399,122,2-10
MT,da,card-obl,sub-wlsubj124,-0.0614324778930606,1.12929764062399,122,2-10
MT,da,rad-tang,sub-wlsubj124,-0.0386247373794105,1.12929764062399,122,2-10
MT,da,polc-polo,sub-wlsubj124,-0.0807769037978757,1.12929764062399,122,2-10
MT,da,horiz-vert,sub-0395,0.111190666432684,0.861748453912807,197,2-10
MT,da,card-obl,sub-0395,0.00647125603620983,0.861748453912807,197,2-10
MT,da,rad-tang,sub-0395,0.427347251142204,0.861748453912807,197,2-10
MT,da,polc-polo,sub-0395,-0.0429302709081407,0.861748453912807,197,2-10
MT,da,horiz-vert,sub-0426,0.0333407845850597,1.13942277300662,77,2-10
MT,da,card-obl,sub-0426,-0.0472674785389714,1.13942277300662,77,2-10
MT,da,rad-tang,sub-0426,0.111937068477435,1.13942277300662,77,2-10
MT,da,polc-polo,sub-0426,-0.112558845339293,1.13942277300662,77,2-10
MT,da,horiz-vert,sub-0250,0.0409599556376406,0.926736933947379,234,2-10
MT,da,card-obl,sub-0250,0.0131147684482346,0.926736933947379,234,2-10
MT,da,rad-tang,sub-0250,0.164876980946794,0.926736933947379,234,2-10
MT,da,polc-polo,sub-0250,0.109588025614055,0.926736933947379,234,2-10
MST,dg,horiz-vert,sub-0037,-0.0370328045255383,0.999745352682165,29,4-8
MST,dg,card-obl,sub-0037,-0.151155447179601,0.999745352682165,29,4-8
MST,dg,rad-tang,sub-0037,-0.0357015842347628,0.999745352682165,29,4-8
MST,dg,polc-polo,sub-0037,0.0169631521590372,0.999745352682165,29,4-8
MST,dg,horiz-vert,sub-0201,0.193389323666338,1.14779686814883,52,4-8
MST,dg,card-obl,sub-0201,-0.139543849237936,1.14779686814883,52,4-8
MST,dg,rad-tang,sub-0201,0.0782278134962941,1.14779686814883,52,4-8
MST,dg,polc-polo,sub-0201,0.0718348897853365,1.14779686814883,52,4-8
MST,dg,horiz-vert,sub-0255,0.0280392840083509,0.776348896858409,129,4-8
MST,dg,card-obl,sub-0255,-0.0586260984587188,0.776348896858409,129,4-8
MST,dg,rad-tang,sub-0255,-0.0234276599426315,0.776348896858409,129,4-8
MST,dg,polc-polo,sub-0255,-0.0171682118876644,0.776348896858409,129,4-8
MST,dg,horiz-vert,sub-wlsubj123,0.127476108535678,1.66068432304022,13,4-8
MST,dg,card-obl,sub-wlsubj123,-0.200588461464857,1.66068432304022,13,4-8
MST,dg,rad-tang,sub-wlsubj123,0.127476108535678,1.66068432304022,13,4-8
MST,dg,polc-polo,sub-wlsubj123,-0.200588461464857,1.66068432304022,13,4-8
MST,dg,horiz-vert,sub-wlsubj124,0.0315931678250738,0.732712711722446,82,4-8
MST,dg,card-obl,sub-wlsubj124,-0.0419260796939003,0.732712711722446,82,4-8
MST,dg,rad-tang,sub-wlsubj124,-0.034907489604392,0.732712711722446,82,4-8
MST,dg,polc-polo,sub-wlsubj124,-0.0946618791400972,0.732712711722446,82,4-8
MST,dg,horiz-vert,sub-0395,-0.142873516908135,0.91971776623279,27,4-8
MST,dg,card-obl,sub-0395,-0.185206866933887,0.91971776623279,27,4-8
MST,dg,rad-tang,sub-0395,0.0338644656352983,0.91971776623279,27,4-8
MST,dg,polc-polo,sub-0395,0.0560542687728183,0.91971776623279,27,4-8
MST,dg,horiz-vert,sub-0426,-0.126108385477234,1.01047555888664,44,4-8
MST,dg,card-obl,sub-0426,-0.174160696564525,1.01047555888664,44,4-8
MST,dg,rad-tang,sub-0426,-0.0703966787064072,1.01047555888664,44,4-8
MST,dg,polc-polo,sub-0426,0.0230957007292646,1.01047555888664,44,4-8
MST,dg,horiz-vert,sub-0250,-0.185274780300317,0.992630074213952,171,4-8
MST,dg,card-obl,sub-0250,-0.0418017402458427,0.992630074213952,171,4-8
MST,dg,rad-tang,sub-0250,-0.0900391800518917,0.992630074213952,171,4-8
MST,dg,polc-polo,sub-0250,0.032861440332491,0.992630074213952,171,4-8
MST,da,horiz-vert,sub-0037,0.122581475753839,0.999745352682165,29,4-8
MST,da,card-obl,sub-0037,0.015047057258522,0.999745352682165,29,4-8
MST,da,rad-tang,sub-0037,0.195042190402126,0.999745352682165,29,4-8
MST,da,polc-polo,sub-0037,-0.0100271686740502,0.999745352682165,29,4-8
MST,da,horiz-vert,sub-0201,-0.0315487301792257,1.14779686814883,52,4-8
MST,da,card-obl,sub-0201,0.0095133092708917,1.14779686814883,52,4-8
MST,da,rad-tang,sub-0201,0.219676981637865,1.14779686814883,52,4-8
MST,da,polc-polo,sub-0201,-0.0684641275522779,1.14779686814883,52,4-8
MST,da,horiz-vert,sub-0255,0.054786915121463,0.776348896858409,129,4-8
MST,da,card-obl,sub-0255,-0.0315132027229472,0.776348896858409,129,4-8
MST,da,rad-tang,sub-0255,0.116680272365158,0.776348896858409,129,4-8
MST,da,polc-polo,sub-0255,-0.0242173954629687,0.776348896858409,129,4-8
MST,da,horiz-vert,sub-wlsubj123,0.121309963786383,1.66068432304022,13,4-8
MST,da,card-obl,sub-wlsubj123,-0.256725716367159,1.66068432304022,13,4-8
MST,da,rad-tang,sub-wlsubj123,0.121309963786383,1.66068432304022,13,4-8
MST,da,polc-polo,sub-wlsubj123,-0.256725716367159,1.66068432304022,13,4-8
MST,da,horiz-vert,sub-wlsubj124,-0.114695417982491,0.732712711722446,82,4-8
MST,da,card-obl,sub-wlsubj124,0.00570843504689143,0.732712711722446,82,4-8
MST,da,rad-tang,sub-wlsubj124,0.0781827968781184,0.732712711722446,82,4-8
MST,da,polc-polo,sub-wlsubj124,-0.131378469538278,0.732712711722446,82,4-8
MST,da,horiz-vert,sub-0395,0.206838094870173,0.91971776623279,27,4-8
MST,da,card-obl,sub-0395,-0.0745065818963699,0.91971776623279,27,4-8
MST,da,rad-tang,sub-0395,0.315049068809057,0.91971776623279,27,4-8
MST,da,polc-polo,sub-0395,-0.0255355251392074,0.91971776623279,27,4-8
MST,da,horiz-vert,sub-0426,0.109500578691916,1.01047555888664,44,4-8
MST,da,card-obl,sub-0426,0.164621317230704,1.01047555888664,44,4-8
MST,da,rad-tang,sub-0426,0.0728490881641382,1.01047555888664,44,4-8
MST,da,polc-polo,sub-0426,-0.196885435172705,1.01047555888664,44,4-8
MST,da,horiz-vert,sub-0250,0.0605784228966826,0.992630074213952,171,4-8
MST,da,card-obl,sub-0250,-0.0516045580764883,0.992630074213952,171,4-8
MST,da,rad-tang,sub-0250,0.224910291166354,0.992630074213952,171,4-8
MST,da,polc-polo,sub-0250,0.171718611171138,0.992630074213952,171,4-8
MST,dg,horiz-vert,sub-0037,-0.0331569328580931,0.8190061457688,129,2-10
MST,dg,card-obl,sub-0037,-0.19281859900655,0.8190061457688,129,2-10
MST,dg,rad-tang,sub-0037,-0.0332012238865922,0.8190061457688,129,2-10
MST,dg,polc-polo,sub-0037,0.0281612453630999,0.8190061457688,129,2-10
MST,dg,horiz-vert,sub-0201,0.165894895381926,1.14504028568324,211,2-10
MST,dg,card-obl,sub-0201,-0.0589065214329133,1.14504028568324,211,2-10
MST,dg,rad-tang,sub-0201,0.0509562023555232,1.14504028568324,211,2-10
MST,dg,polc-polo,sub-0201,0.0565645699120992,1.14504028568324,211,2-10
MST,dg,horiz-vert,sub-0255,-0.021450727903711,0.650257411285848,450,2-10
MST,dg,card-obl,sub-0255,-0.0296608149060605,0.650257411285848,450,2-10
MST,dg,rad-tang,sub-0255,-0.0216290885459984,0.650257411285848,450,2-10
MST,dg,polc-polo,sub-0255,0.0196804496272129,0.650257411285848,450,2-10
MST,dg,horiz-vert,sub-wlsubj123,0.0920626366264606,1.54212591228486,40,2-10
MST,dg,card-obl,sub-wlsubj123,-0.233992501292226,1.54212591228486,40,2-10
MST,dg,rad-tang,sub-wlsubj123,-0.0630249456317766,1.54212591228486,40,2-10
MST,dg,polc-polo,sub-wlsubj123,-0.0614408153391086,1.54212591228486,40,2-10
MST,dg,horiz-vert,sub-wlsubj124,0.0656144652568246,0.841223660279752,180,2-10
MST,dg,card-obl,sub-wlsubj124,-0.124306142025002,0.841223660279752,180,2-10
MST,dg,rad-tang,sub-wlsubj124,-0.0628612184548704,0.841223660279752,180,2-10
MST,dg,polc-polo,sub-wlsubj124,-0.0187050242695146,0.841223660279752,180,2-10
MST,dg,horiz-vert,sub-0395,-0.145477084525986,1.06270428661499,98,2-10
MST,dg,card-obl,sub-0395,-0.215911559721694,1.06270428661499,98,2-10
MST,dg,rad-tang,sub-0395,0.00426281276499857,1.06270428661499,98,2-10
MST,dg,polc-polo,sub-0395,0.0650231233747911,1.06270428661499,98,2-10
MST,dg,horiz-vert,sub-0426,-0.199843477105156,0.920370023464915,115,2-10
MST,dg,card-obl,sub-0426,-0.166229671369338,0.920370023464915,115,2-10
MST,dg,rad-tang,sub-0426,-0.0870574207505872,0.920370023464915,115,2-10
MST,dg,polc-polo,sub-0426,0.0386143083323833,0.920370023464915,115,2-10
MST,dg,horiz-vert,sub-0250,-0.175016695998257,1.2924107165829,417,2-10
MST,dg,card-obl,sub-0250,-0.0353247788416141,1.2924107165829,417,2-10
MST,dg,rad-tang,sub-0250,-0.049682302895245,1.2924107165829,417,2-10
MST,dg,polc-polo,sub-0250,0.0225191432052322,1.2924107165829,417,2-10
MST,da,horiz-vert,sub-0037,0.0736187191399574,0.8190061457688,129,2-10
MST,da,card-obl,sub-0037,0.00926539558155209,0.8190061457688,129,2-10
MST,da,rad-tang,sub-0037,0.184170258145555,0.8190061457688,129,2-10
MST,da,polc-polo,sub-0037,-0.00392856948799578,0.8190061457688,129,2-10
MST,da,horiz-vert,sub-0201,0.0266438426525161,1.14504028568324,211,2-10
MST,da,card-obl,sub-0201,0.0340960069988554,1.14504028568324,211,2-10
MST,da,rad-tang,sub-0201,0.224491259252752,1.14504028568324,211,2-10
MST,da,polc-polo,sub-0201,-0.0250444069871477,1.14504028568324,211,2-10
MST,da,horiz-vert,sub-0255,0.0282594570179635,0.650257411285848,450,2-10
MST,da,card-obl,sub-0255,-0.0135005330286316,0.650257411285848,450,2-10
MST,da,rad-tang,sub-0255,0.0784656042337028,0.650257411285848,450,2-10
MST,da,polc-polo,sub-0255,0.00721898214090172,0.650257411285848,450,2-10
MST,da,horiz-vert,sub-wlsubj123,0.092861374621643,1.54212591228486,40,2-10
MST,da,card-obl,sub-wlsubj123,-0.131673296777833,1.54212591228486,40,2-10
MST,da,rad-tang,sub-wlsubj123,0.171111419236672,1.54212591228486,40,2-10
MST,da,polc-polo,sub-wlsubj123,-0.14245326423795,1.54212591228486,40,2-10
MST,da,horiz-vert,sub-wlsubj124,0.03799177391776,0.841223660279752,180,2-10
MST,da,card-obl,sub-wlsubj124,0.00448065335378297,0.841223660279752,180,2-10
MST,da,rad-tang,sub-wlsubj124,0.0313348512290057,0.841223660279752,180,2-10
MST,da,polc-polo,sub-wlsubj124,-0.0629655050447519,0.841223660279752,180,2-10
MST,da,horiz-vert,sub-0395,0.185432231400598,1.06270428661499,98,2-10
MST,da,card-obl,sub-0395,-0.0521264157222876,1.06270428661499,98,2-10
MST,da,rad-tang,sub-0395,0.343155323447335,1.06270428661499,98,2-10
MST,da,polc-polo,sub-0395,0.0498027981913678,1.06270428661499,98,2-10
MST,da,horiz-vert,sub-0426,0.144797660934181,0.920370023464915,115,2-10
MST,da,card-obl,sub-0426,0.0691929435021206,0.920370023464915,115,2-10
MST,da,rad-tang,sub-0426,0.0802498090449415,0.920370023464915,115,2-10
MST,da,polc-polo,sub-0426,-0.1172356902367,0.920370023464915,115,2-10
MST,da,horiz-vert,sub-0250,0.0829088010366333,1.2924107165829,417,2-10
MST,da,card-obl,sub-0250,-0.0740390651366286,1.2924107165829,417,2-10
MST,da,rad-tang,sub-0250,0.312347883303358,1.2924107165829,417,2-10
MST,da,polc-polo,sub-0250,0.226585910538889,1.2924107165829,417,2-10
