area,experiment,asymmetry,variant,route,weighting,n,mean,t_lo,t_hi,t_p,boot_lo,boot_hi,eq_mean,eq_lo,eq_hi,eq_p,pw_mean,pw_lo,pw_hi,pw_p,tau,mean_sigma,weight_ratio,obs_agree,ci_methods_disagree,band,reportable
V1,dg,horiz-vert,roipw,roi,precision,8,-0.547694913559404,-0.670544287259433,-0.424845539859376,1.50903343416232e-05,-0.648544908626851,-0.441223532665637,-0.548119149674801,-0.682083707285524,-0.414154592064078,2.65907563567866e-05,-0.547694913559404,-0.670544287259433,-0.424845539859376,1.50903343416232e-05,0.0899128637323032,0.132637668752897,3.46084200842996,8,0,4-8,1
V1,dg,card-obl,roipw,roi,precision,8,-0.212976252233068,-0.343847584002306,-0.0821049204638307,0.00630777474136834,-0.323065736336075,-0.117731846467667,-0.220569248423959,-0.352366772297727,-0.088771724550192,0.00548050863878812,-0.212976252233068,-0.343847584002306,-0.0821049204638307,0.00630777474136834,0.137139198963103,0.0777555122433435,1.39475231170265,7,0,4-8,1
V1,dg,rad-tang,roipw,roi,precision,8,0.112355404208014,0.046766093113409,0.177944715302619,0.00486689744918543,0.0560818229285727,0.157367387404419,0.103792634925008,0.0368849195315434,0.170700350318473,0.00798327308495505,0.112355404208014,0.046766093113409,0.177944715302619,0.00486689744918543,0.0694212399978164,0.0398205516421334,1.88322734071708,8,0,4-8,1
V1,dg,polc-polo,roipw,roi,precision,8,0.040270690326833,0.00398822210658831,0.0765531585470776,0.0341824569213342,0.0146823506984578,0.0706309191118485,0.0391029719362556,0.00257052127040962,0.0756354226021016,0.0391753477681155,0.040270690326833,0.00398822210658831,0.0765531585470776,0.0341824569213342,0.0393812548237787,0.0189376042312326,1.37563177363206,6,0,4-8,1
V1,da,horiz-vert,roipw,roi,precision,8,-0.214085276498859,-0.361975123528346,-0.0661954294693723,0.0110896828749015,-0.338064299616933,-0.110374910639083,-0.218254280291203,-0.366460454730128,-0.0700481058522778,0.0102352747938597,-0.214085276498859,-0.361975123528346,-0.0661954294693723,0.0110896828749015,0.171147575680027,0.0462079301923344,1.23238310033214,7,0,4-8,1
V1,da,card-obl,roipw,roi,precision,8,-0.0317502252855019,-0.0683000025149708,0.00479955194396708,0.0790491023100494,-0.0588621967169218,-0.000951224029960368,-0.0284820653433348,-0.0656658838953718,0.00870175320870226,0.113006912741086,-0.0317502252855019,-0.0683000025149708,0.00479955194396708,0.0790491023100494,0.0391825078626933,0.0210463049346839,1.79423560727998,6,1,4-8,1
V1,da,rad-tang,roipw,roi,precision,8,0.17545346686916,0.0666513702888008,0.284255563449519,0.0066005743574704,0.0338332751610774,0.248237178209433,0.150055554771747,0.00773872646193957,0.292372383081554,0.0414018931644363,0.17545346686916,0.0666513702888008,0.284255563449519,0.0066005743574704,0.0693295135632704,0.155473706207832,10.4871701406953,7,0,4-8,1
V1,da,polc-polo,roipw,roi,precision,8,0.0398371406574664,-0.0442271787427874,0.12390146005772,0.299438474223828,-0.0264614113018832,0.109301046586135,0.0399080814549529,-0.0474965634704291,0.127312726380335,0.316081813747629,0.0398371406574664,-0.0442271787427874,0.12390146005772,0.299438474223828,0.0762447850944419,0.0715339044688218,2.75645981856023,4,0,4-8,1
V1,dg,horiz-vert,roipw,roi,precision,8,-0.526433659782772,-0.634607326893022,-0.418259992672522,8.41882082191946e-06,-0.590291689978646,-0.406756598507257,-0.504419393481858,-0.623706882248775,-0.385131904714941,2.14075156611517e-05,-0.526433659782772,-0.634607326893022,-0.418259992672522,8.41882082191946e-06,0.0742340340932147,0.121853453003967,3.56779288226626,8,0,2-10,1
V1,dg,card-obl,roipw,roi,precision,8,-0.208266984384269,-0.344803270140615,-0.0717306986279239,0.00865981279513596,-0.32053011097382,-0.107905045554982,-0.214391488579746,-0.351471452308714,-0.0773115248507793,0.00767271744657562,-0.208266984384269,-0.344803270140615,-0.0717306986279239,0.00865981279513596,0.146698757287372,0.0732441074014949,1.327576866693,7,0,2-10,1
V1,dg,rad-tang,roipw,roi,precision,8,0.121334558566244,0.0588646421852759,0.183804474947212,0.00250550545435575,0.0759117942116604,0.171363326857623,0.117184924373383,0.0543466220011854,0.180023226745581,0.00311993551806948,0.121334558566244,0.0588646421852759,0.183804474947212,0.00250550545435575,0.0692959558405396,0.0291140879549935,1.34995431092309,8,0,2-10,1
V1,dg,polc-polo,roipw,roi,precision,8,0.0435300311319974,0.0123213044526582,0.0747387578113365,0.0131535085913659,0.0196445014459746,0.0692268277940311,0.0436591226306299,0.0120969368184538,0.0752213084428059,0.0136569644437879,0.0435300311319974,0.0123213044526582,0.0747387578113365,0.0131535085913659,0.0333000172153475,0.0177872916232083,1.59134045890959,7,0,2-10,1
V1,da,horiz-vert,roipw,roi,precision,8,-0.196261972595275,-0.320913116021819,-0.0716108291687303,0.00742597408785777,-0.298896530088837,-0.107258652915954,-0.195396546279342,-0.320109778275076,-0.070683314283607,0.00760658488526638,-0.196261972595275,-0.320913116021819,-0.0716108291687303,0.00742597408785777,0.144943705724037,0.0352765552730194,1.10364919901493,8,0,2-10,1
V1,da,card-obl,roipw,roi,precision,8,-0.0294591418873057,-0.0633946253939787,0.00447634161936731,0.0792125825264946,-0.0577352378377066,-0.0047641624250204,-0.0301044375563356,-0.0641134405415478,0.00390456542887647,0.0746229961541094,-0.0294591418873057,-0.0633946253939787,0.00447634161936731,0.0792125825264946,0.0384091757536871,0.0134002122126691,1.20021617127142,7,1,2-10,1
V1,da,rad-tang,roipw,roi,precision,8,0.139748898572393,0.028660492446256,0.250837304698529,0.020669819405502,0.008709289130422,0.230833343022525,0.13490210970285,-0.0108961082082854,0.280700327613986,0.0648790198251056,0.139748898572393,0.028660492446256,0.250837304698529,0.020669819405502,0.0775954926653052,0.156181629089832,10.690945595674,7,0,2-10,1
V1,da,polc-polo,roipw,roi,precision,8,0.0456662358220831,-0.0474417753671849,0.138774247011351,0.284168761559509,-0.0308973705956441,0.113432746457638,0.0431534152857694,-0.0513114858311848,0.137618316402724,0.315856094020668,0.0456662358220831,-0.0474417753671849,0.138774247011351,0.284168761559509,0.0890081055030012,0.069606611664113,1.82738776774238,5,0,2-10,1
V2,dg,horiz-vert,roipw,roi,precision,8,-0.34760635577572,-0.431153844568291,-0.26405886698315,2.38204005527444e-05,-0.421402118320826,-0.277253905404897,-0.345626025992351,-0.438586820285032,-0.25266523169967,4.96652096420692e-05,-0.34760635577572,-0.431153844568291,-0.26405886698315,2.38204005527444e-05,0.0535865934819606,0.0974302733418852,3.73413974276556,8,0,4-8,1
V2,dg,card-obl,roipw,roi,precision,8,-0.16743354285739,-0.270022930499248,-0.0648441552155329,0.00621758149046278,-0.256581530986306,-0.0952445853702375,-0.173674560552479,-0.277504696418818,-0.0698444246861396,0.00549489583099,-0.16743354285739,-0.270022930499248,-0.0648441552155329,0.00621758149046278,0.10711834803032,0.0628507064105296,1.65210529331122,8,0,4-8,1
V2,dg,rad-tang,roipw,roi,precision,8,0.172209208777456,0.115227786425931,0.22919063112898,0.000185949912134999,0.131073005474224,0.220365912067577,0.171693721028234,0.113542481315958,0.22984496074051,0.000215037759915394,0.172209208777456,0.115227786425931,0.22919063112898,0.000185949912134999,0.0600614181668364,0.0350831061802444,1.93291875952981,8,0,4-8,1
V2,dg,polc-polo,roipw,roi,precision,8,0.0372203931928133,0.0159681212593847,0.0584726651262419,0.00434204222955095,0.0208465996663068,0.0542858143708683,0.0375702760372692,0.0161543215644835,0.0589862305100549,0.00430428979795527,0.0372203931928133,0.0159681212593847,0.0584726651262419,0.00434204222955095,0.0192269330048229,0.0169272449903052,1.46413880117209,7,0,4-8,1
V2,da,horiz-vert,roipw,roi,precision,8,-0.0922462201333535,-0.142373160544658,-0.0421192797220486,0.00334869694634965,-0.128734531917468,-0.0488936592872655,-0.0890938253240946,-0.140829873541242,-0.0373577771069471,0.00473676297380238,-0.0922462201333535,-0.142373160544658,-0.0421192797220486,0.00334869694634965,0.0494383360805324,0.0372215036799816,2.07625423837844,8,0,4-8,1
V2,da,card-obl,roipw,roi,precision,8,-0.00480031101615732,-0.0238028272619203,0.0142022052296056,0.569091868668038,-0.0153170234618299,0.0167642232371332,-9.26639376501752e-05,-0.0213022186365769,0.0211168907612765,0.99204548706263,-0.00480031101615732,-0.0238028272619203,0.0142022052296056,0.569091868668038,0.0139585549134828,0.0211843733661625,5.82554160156982,4,0,4-8,1
V2,da,rad-tang,roipw,roi,precision,8,0.155828519954345,0.107592949619843,0.204064090288848,0.000122247274900974,0.121787320822864,0.182510210913306,0.153232959946521,0.11362947351664,0.192836446376403,3.83272436522848e-05,0.155828519954345,0.107592949619843,0.204064090288848,0.000122247274900974,0,0.0829687966533274,20.3859326240074,8,0,4-8,1
V2,da,polc-polo,roipw,roi,precision,8,0.0172018036212018,-0.0273825324432739,0.0617861396856774,0.391929630140112,0.00051613259073597,0.0765334625730647,0.0367312085663983,-0.0121440424768269,0.0856064596096236,0.118799943288695,0.0172018036212018,-0.0273825324432739,0.0617861396856774,0.391929630140112,0,0.0632422310205839,5.88113541582311,6,1,4-8,1
V2,dg,horiz-vert,roipw,roi,precision,8,-0.343143075846743,-0.402421237157475,-0.283864914536012,2.61697210343479e-06,-0.373976570751305,-0.262362463895563,-0.315772069174005,-0.388560842940844,-0.242983295407167,1.80801841176194e-05,-0.343143075846743,-0.402421237157475,-0.283864914536012,2.61697210343479e-06,0,0.0915255222971531,8.72917158950279,8,0,2-10,1
V2,dg,card-obl,roipw,roi,precision,8,-0.163157585556189,-0.273229035720898,-0.0530861353914797,0.00992524616843314,-0.257201619150356,-0.0852973055125304,-0.16908277568224,-0.279761866568816,-0.0584036847956629,0.00859666494086385,-0.163157585556189,-0.273229035720898,-0.0530861353914797,0.00992524616843314,0.11985750177912,0.056220520826236,1.34941147336118,8,0,2-10,1
V2,dg,rad-tang,roipw,roi,precision,8,0.185850594420465,0.145392056085387,0.226309132755543,1.23721340770093e-05,0.150809206830255,0.213154315524363,0.182733068994449,0.141966380687883,0.223499757301015,1.45592429506802e-05,0.185850594420465,0.145392056085387,0.226309132755543,1.23721340770093e-05,0.0414744703165615,0.0256451781488727,1.49113312623768,8,0,2-10,1
V2,dg,polc-polo,roipw,roi,precision,8,0.0332786859615825,0.00917106396013639,0.0573863079630287,0.0137846270892504,0.0152838112084475,0.0525883205632996,0.0332634069970424,0.00913881602765138,0.0573879979664335,0.0138570181737513,0.0332786859615825,0.00917106396013639,0.0573863079630287,0.0137846270892504,0.026546269815042,0.011313263166807,1.11638665595274,7,0,2-10,1
V2,da,horiz-vert,roipw,roi,precision,8,-0.0763430659969678,-0.12287995668154,-0.0298061753123961,0.00605978813262098,-0.103819097985712,-0.031152342724568,-0.0689171559862338,-0.116259869690296,-0.021574442282172,0.0108048896960205,-0.0763430659969678,-0.12287995668154,-0.0298061753123961,0.00605978813262098,0.049391832947966,0.0276992381884772,1.7423785465476,6,0,2-10,1
V2,da,card-obl,roipw,roi,precision,8,-0.010741359412991,-0.024473636229739,0.00299091740375689,0.106829097594335,-0.0209422488553263,0.00188339669693178,-0.0100517108935051,-0.0249341674720688,0.00483074568505873,0.154278577460161,-0.010741359412991,-0.024473636229739,0.00299091740375689,0.106829097594335,0.0123250870681505,0.0128447232222437,3.04648979810447,6,0,2-10,1
V2,da,rad-tang,roipw,roi,precision,8,0.144699932346606,0.0922015008756623,0.197198363817549,0.000328670439228269,0.118858523923625,0.187479923585915,0.153093141370697,0.108487436922696,0.197698845818697,8.31525814205832e-05,0.144699932346606,0.0922015008756623,0.197198363817549,0.000328670439228269,0,0.0781925192309093,7.75951034781736,8,0,2-10,1
V2,da,polc-polo,roipw,roi,precision,8,0.0304822541622567,-0.0266247678814612,0.0875892762059746,0.247310100626447,-0.0126514223275629,0.0773198563119046,0.0326943333376633,-0.0253506757456136,0.0907393424209401,0.224623967957571,0.0304822541622567,-0.0266247678814612,0.0875892762059746,0.247310100626447,0.0481513528859787,0.050019844269227,1.68121553678452,5,0,2-10,1
V3,dg,horiz-vert,roipw,roi,precision,8,-0.137850848921643,-0.208616555722788,-0.0670851421204983,0.00246584308120864,-0.200569286343693,-0.0821539600103038,-0.143392039107148,-0.221516056378936,-0.0652680218353609,0.00339553750717673,-0.137850848921643,-0.208616555722788,-0.0670851421204983,0.00246584308120864,0.0491132537398171,0.0795003954519374,3.78210301893278,8,0,4-8,1
V3,dg,card-obl,roipw,roi,precision,8,-0.108481122325232,-0.195636259828634,-0.0213259848218295,0.0216139743765516,-0.187051493785255,-0.0490030870927072,-0.114119035868224,-0.203067587087919,-0.0251704846485278,0.0190134533656878,-0.108481122325232,-0.195636259828634,-0.0213259848218295,0.0216139743765516,0.0917329808945111,0.0538978945181244,1.72632437150578,7,0,4-8,1
V3,dg,rad-tang,roipw,roi,precision,8,0.0685808212428446,0.0407280555487636,0.0964335869369256,0.000648600722959738,0.043310991892373,0.0873944485964923,0.0666895575984528,0.0382913434511077,0.0950877717457979,0.000857188785575104,0.0685808212428446,0.0407280555487636,0.0964335869369256,0.000648600722959738,0.0130539773764142,0.0313598383200144,1.97446407753706,7,0,4-8,1
V3,dg,polc-polo,roipw,roi,precision,8,0.0151844793773699,-0.0240641679699965,0.0544331267247362,0.390707996548786,-0.0128724761044962,0.0477541414183665,0.0152257421679392,-0.024096416973516,0.0545479013093944,0.390330215108488,0.0151844793773699,-0.0240641679699965,0.0544331267247362,0.390707996548786,0.0445966253314451,0.0149473302024988,1.20789476759076,5,0,4-8,1
V3,da,horiz-vert,roipw,roi,precision,8,-0.0308696106136551,-0.0588086603809762,-0.00293056084633403,0.0347788683051084,-0.0600382493474466,-0.0127866956480876,-0.0347793295664912,-0.0657507513241597,-0.00380790780882271,0.0326867845321844,-0.0308696106136551,-0.0588086603809762,-0.00293056084633403,0.0347788683051084,0.0218615880698682,0.029908092272439,4.25748858262037,7,0,4-8,1
V3,da,card-obl,roipw,roi,precision,8,-0.00730058662703749,-0.0249638509785295,0.0103626777244545,0.360956956316475,-0.0195063646959126,0.00944908492691806,-0.00568895872613442,-0.0243717922228565,0.0129938747705876,0.494838465239058,-0.00730058662703749,-0.0249638509785295,0.0103626777244545,0.360956956316475,0.0135629583126015,0.0177608900954261,3.07088420128966,6,0,4-8,1
V3,da,rad-tang,roipw,roi,precision,8,0.138641408384315,0.0938593012928903,0.18342351547574,0.000159898184498762,0.12109896056135,0.15256617251236,0.135286339469133,0.115133114175583,0.155439564762683,9.55079684010213e-07,0.138641408384315,0.0938593012928903,0.18342351547574,0.000159898184498762,0,0.0744098655180406,10.6494913462753,8,0,4-8,1
V3,da,polc-polo,roipw,roi,precision,8,-0.0063287155719246,-0.0495324203958698,0.0368749892520206,0.73923321079487,-0.043136236646409,0.0300345545708673,-0.00621329960669551,-0.052307823742888,0.039881224529497,0.759224461639551,-0.0063287155719246,-0.0495324203958698,0.0368749892520206,0.73923321079487,0.025184495012144,0.0490476990969827,3.12878099005383,4,0,4-8,1
V3,dg,horiz-vert,roipw,roi,precision,8,-0.148470350797732,-0.221515456293888,-0.0754252453015764,0.00195204553338732,-0.216670981200626,-0.0961944266148303,-0.155603262138325,-0.234500132522206,-0.0767063917544445,0.00230474849174242,-0.148470350797732,-0.221515456293888,-0.0754252453015764,0.00195204553338732,0.0548338135982319,0.0768069371191012,3.04348010712532,8,0,2-10,1
V3,dg,card-obl,roipw,roi,precision,8,-0.109888361219927,-0.204359219506487,-0.0154175029333674,0.0284823020301186,-0.193908702826703,-0.0449593923560562,-0.117363365751936,-0.213053201174065,-0.0216735303298061,0.0229791687531181,-0.109888361219927,-0.204359219506487,-0.0154175029333674,0.0284823020301186,0.101418179876575,0.0530578732466066,1.49961813902985,6,0,2-10,1
V3,dg,rad-tang,roipw,roi,precision,8,0.0850885966782633,0.0541305045879548,0.116046688768572,0.000334387625217652,0.0535311977558971,0.102210634354772,0.079727821089198,0.0478423576392006,0.111613284539195,0.000591904188315515,0.0850885966782633,0.0541305045879548,0.116046688768572,0.000334387625217652,0.0264205830130688,0.0275059670495804,1.94874014144173,8,0,2-10,1
V3,dg,polc-polo,roipw,roi,precision,8,0.0353991767489006,0.000789330899104469,0.0700090225986967,0.0461901879420474,0.0110279049318768,0.0640306807838402,0.0359241015093181,0.00129112871849833,0.0705570743001379,0.0439279456474106,0.0353991767489006,0.000789330899104469,0.0700090225986967,0.0461901879420474,0.0398008805380704,0.0114891435872644,1.09710922201533,7,0,2-10,1
V3,da,horiz-vert,roipw,roi,precision,8,-0.0263825771207334,-0.0527112254419893,-5.39287994774582e-05,0.0496450676198557,-0.0474358763870277,-0.00555336772363239,-0.0260482726757679,-0.053083364125014,0.000986818773478181,0.0567773727061709,-0.0263825771207334,-0.0527112254419893,-5.39287994774582e-05,0.0496450676198557,0.0259358768949637,0.019314882565817,2.06146546969268,6,0,2-10,1
V3,da,card-obl,roipw,roi,precision,8,-0.00674724351962543,-0.0252641694275695,0.0117696823883186,0.41742807404438,-0.0173177468699532,0.0110077207493689,-0.00561619118360283,-0.02457713677174,0.0133447544045343,0.506284615847473,-0.00674724351962543,-0.0252641694275695,0.0117696823883186,0.41742807404438,0.0184604650376043,0.0131754752068161,2.00770892357905,7,0,2-10,1
V3,da,rad-tang,roipw,roi,precision,8,0.149266664394188,0.103532084882448,0.195001243905928,0.000114579489652937,0.136990998889065,0.1906949324816,0.162624344425303,0.128133379802499,0.197115309048107,1.03995666100723e-05,0.149266664394188,0.103532084882448,0.195001243905928,0.000114579489652937,0,0.0734308521986778,9.71985386791425,8,0,2-10,1
V3,da,polc-polo,roipw,roi,precision,8,0.00571223736347241,-0.0423603130666457,0.0537847877935906,0.786851509186291,-0.0335273957204912,0.0449782845547117,0.00787177421631172,-0.0425800147689299,0.0583235632015534,0.723077281953869,0.00571223736347241,-0.0423603130666457,0.0537847877935906,0.786851509186291,0.038097191237229,0.0468019993825923,2.83164439290234,4,0,2-10,1
V3a,dg,horiz-vert,roipw,roi,precision,8,-0.0774122252628507,-0.156994415949685,0.00216996542398337,0.0549790949090945,-0.149206094507077,-0.00259969878508653,-0.0803578602205218,-0.173912583839159,0.0131968633981156,0.0817836091977785,-0.0774122252628507,-0.156994415949685,0.00216996542398337,0.0549790949090945,0.0561293616393263,0.0968099730576496,5.97465063980932,6,1,4-8,0
V3a,dg,card-obl,roipw,roi,precision,8,-0.128457881911238,-0.237098617625305,-0.0198171461971697,0.0266789074798208,-0.242826434258004,-0.0674897002969416,-0.151509858841816,-0.265973095812287,-0.0370466218713439,0.0166109408917674,-0.128457881911238,-0.237098617625305,-0.0198171461971697,0.0266789074798208,0.114792192099311,0.0746209352327348,2.80395162278116,7,0,4-8,0
V3a,dg,rad-tang,roipw,roi,precision,8,0.019039360242952,-0.0150960439858873,0.0531747644717913,0.22871203424762,-0.0159407468304443,0.0469760201737552,0.0132401537364418,-0.0280090020037327,0.0544893094766162,0.472632818515571,0.019039360242952,-0.0150960439858873,0.0531747644717913,0.22871203424762,0.0236771987783899,0.0432875513631054,7.60886365967203,4,0,4-8,0
V3a,dg,polc-polo,roipw,roi,precision,8,0.0373356908814271,-0.00702226468020225,0.0816936464430565,0.0868550224596583,0.0112829211783591,0.0804105857093566,0.0430779128094103,-0.00202176852344662,0.0881775941422672,0.0584501556927922,0.0373356908814271,-0.00702226468020225,0.0816936464430565,0.0868550224596583,0.0491207570390431,0.0222998430759924,1.76322736341951,7,1,4-8,0
V3a,da,horiz-vert,roipw,roi,precision,8,0.00889408050391618,-0.0397309663734456,0.0575191273812779,0.67837788123151,-0.0357227699522519,0.0419975463967554,0.0022092911152236,-0.0479222933948933,0.0523408756253405,0.919926728546955,0.00889408050391618,-0.0397309663734456,0.0575191273812779,0.67837788123151,0.0463983682411953,0.0379859688039395,2.2010776177586,4,0,4-8,0
V3a,da,card-obl,roipw,roi,precision,8,0.00412199528314258,-0.0120847628478312,0.0203287534141163,0.566523091304531,-0.0110839853243346,0.0152941440502955,0.00263091056362361,-0.0145771460887296,0.0198389672159769,0.728374098681306,0.00412199528314258,-0.0120847628478312,0.0203287534141163,0.566523091304531,0.00726308295069174,0.0192592636269333,2.63851843116123,5,0,4-8,0
V3a,da,rad-tang,roipw,roi,precision,8,0.176921879355898,0.125073927918052,0.228769830793743,8.62916611708612e-05,0.105300011132287,0.200378044739752,0.151531640216413,0.0895890074724357,0.21347427296039,0.000674047255091203,0.176921879355898,0.125073927918052,0.228769830793743,8.62916611708612e-05,0,0.086841359090772,16.9465865638662,8,0,4-8,0
V3a,da,polc-polo,roipw,roi,precision,8,0.0219699602962311,-0.0211075282109684,0.0650474488034306,0.266999666502703,-0.0318084670598485,0.0335585486330946,0.00193909164328315,-0.0402117530244526,0.0440899363110189,0.916428583848318,0.0219699602962311,-0.0211075282109684,0.0650474488034306,0.266999666502703,0,0.0647579716357806,9.68237360804437,4,0,4-8,0
V3a,dg,horiz-vert,roipw,roi,precision,8,-0.102214767410985,-0.183468466105606,-0.0209610687163629,0.020671656403931,-0.156413123575845,-0.0276688404677509,-0.0999204151845379,-0.184308023015394,-0.0155328073536817,0.026529249615581,-0.102214767410985,-0.183468466105606,-0.0209610687163629,0.020671656403931,0.0606954847646088,0.0806527039941818,2.72824951340779,7,0,2-10,1
V3a,dg,card-obl,roipw,roi,precision,8,-0.133592672621953,-0.225256960854316,-0.0419283843895891,0.0107460237063669,-0.221969372452881,-0.0759697636535722,-0.148657630058397,-0.243322465869282,-0.0539927942475115,0.00752202833949401,-0.133592672621953,-0.225256960854316,-0.0419283843895891,0.0107460237063669,0.0965689528375132,0.0591275115864002,2.22105646864241,7,0,2-10,1
V3a,dg,rad-tang,roipw,roi,precision,8,0.02350139118736,-0.0163215297117635,0.0633243120864836,0.205542165016596,-0.00643629273859399,0.056132600120204,0.0254838757359323,-0.015220983737178,0.0661887352090425,0.182309302376799,0.02350139118736,-0.0163215297117635,0.0633243120864836,0.205542165016596,0.035806623214848,0.0329922028379874,1.92987416309701,5,0,2-10,1
V3a,dg,polc-polo,roipw,roi,precision,8,0.0245613948848239,-0.00579278552084251,0.0549155752904902,0.0972755600264057,0.00399821950504163,0.0517811748742851,0.0264628974523496,-0.00414964056982553,0.0570754354745248,0.0802270477683415,0.0245613948848239,-0.00579278552084251,0.0549155752904902,0.0972755600264057,0.0330289742250432,0.0158078474501157,1.5770023381275,6,1,2-10,1
V3a,da,horiz-vert,roipw,roi,precision,8,-0.00172589665135958,-0.0347103514825252,0.031258558179806,0.905008525091712,-0.0293324999787037,0.0217649610484484,-0.00400183070081698,-0.0376401603604949,0.029636498958861,0.786605980691049,-0.00172589665135958,-0.0347103514825252,0.031258558179806,0.905008525091712,0.0309172046938628,0.025750351790792,1.8057923186323,4,0,2-10,1
V3a,da,card-obl,roipw,roi,precision,8,0.00159379412534234,-0.0186706325718773,0.021858220822562,0.857737095446221,-0.0174064495580458,0.0154570696972925,-0.000891264581940416,-0.0220451401989285,0.0202626110350477,0.923433319857849,0.00159379412534234,-0.0186706325718773,0.021858220822562,0.857737095446221,0.0171063150264204,0.0186445195641959,2.72586449931061,4,0,2-10,1
V3a,da,rad-tang,roipw,roi,precision,8,0.179258133352829,0.119783883409771,0.238732383295887,0.000189114107367108,0.12086194462235,0.232082893176913,0.175826908727059,0.103563345852791,0.248090471601328,0.000695946129125662,0.179258133352829,0.119783883409771,0.238732383295887,0.000189114107367108,0.0192544406736024,0.0842657038363511,6.8435683347596,8,0,2-10,1
V3a,da,polc-polo,roipw,roi,precision,8,0.0147107470092266,-0.029973897047655,0.0593953910661083,0.461793889124126,-0.03458447525763,0.0232735498496993,-0.0055194317506353,-0.0427587223494899,0.0317198588482193,0.736293075935344,0.0147107470092266,-0.029973897047655,0.0593953910661083,0.461793889124126,0,0.0624346060021889,7.23253888007111,4,0,2-10,1
V3b,dg,horiz-vert,roipw,roi,precision,8,-0.00999259673977891,-0.0969850757055939,0.0769998822260361,0.793751882130394,-0.0887937343808173,0.0590993663418661,-0.0180002328996029,-0.112383391893661,0.0763829260944556,0.665650672127217,-0.00999259673977891,-0.0969850757055939,0.0769998822260361,0.793751882130394,0.0815602730940299,0.078059968776078,3.78638884150564,5,0,4-8,0
V3b,dg,card-obl,roipw,roi,precision,8,-0.0308879267460893,-0.0927787822050046,0.031002928712826,0.276498946549869,-0.0842610795536002,0.0167893822570453,-0.0350847747874461,-0.100602025146939,0.0304324755720468,0.245926246373902,-0.0308879267460893,-0.0927787822050046,0.031002928712826,0.276498946549869,0.0551432542493507,0.0556844498542408,3.00179401797555,4,0,4-8,0
V3b,dg,rad-tang,roipw,roi,precision,8,0.00344495062231045,-0.0767132745960139,0.0836031758406348,0.921904706572024,-0.0954902206984009,0.034184424438191,-0.0189357845000224,-0.105106719880989,0.0672351508809443,0.619351108904927,0.00344495062231045,-0.0767132745960139,0.0836031758406348,0.921904706572024,0.0838689235278634,0.0599164883706336,3.39916531259784,5,0,4-8,0
V3b,dg,polc-polo,roipw,roi,precision,8,0.0117034530812708,-0.00484550316099955,0.0282524093235412,0.138391222952546,-0.0197138428961311,0.0269572605000522,0.00322221816245683,-0.0276310777686417,0.0340755140935554,0.812030232246415,0.0117034530812708,-0.00484550316099955,0.0282524093235412,0.138391222952546,0.00737025089932115,0.0361614914869637,52.9224877353277,4,0,4-8,0
V3b,da,horiz-vert,roipw,roi,precision,8,0.008747918296147,-0.0544405174795921,0.0719363540718861,0.752965944223101,-0.010312096188378,0.113041663729929,0.0387508715759164,-0.0445091086226234,0.122010851774456,0.307495061761696,0.008747918296147,-0.0544405174795921,0.0719363540718861,0.752965944223101,0.0669522400414951,0.0737273496786335,9.35646002012866,6,0,4-8,0
V3b,da,card-obl,roipw,roi,precision,8,0.00305420121581328,-0.00909604836641556,0.0152044507980421,0.570951750943612,-0.00543333588582838,0.0293703821040509,0.013381396615918,-0.00961622482501248,0.0363790180568486,0.211264548207947,0.00305420121581328,-0.00909604836641556,0.0152044507980421,0.570951750943612,0,0.0311906738269734,53.225736204047,6,0,4-8,0
V3b,da,rad-tang,roipw,roi,precision,8,0.0793662078443767,0.0442119490794662,0.114520466609287,0.00107748740216723,0.0649354804445962,0.171803801498165,0.114830024218503,0.0461198774718901,0.183540170965116,0.00551916361920924,0.0793662078443767,0.0442119490794662,0.114520466609287,0.00107748740216723,0,0.108834263258126,120.0100985104,8,0,4-8,0
V3b,da,polc-polo,roipw,roi,precision,8,0.00197017654633895,-0.0516688479468328,0.0556092010395107,0.933220365869077,-0.0541881840140685,0.0499112022134501,-0.00221726691689497,-0.0695089884231214,0.0650744545893314,0.94007642177155,0.00197017654633895,-0.0516688479468328,0.0556092010395107,0.933220365869077,0.0482931094634885,0.0643932622550813,8.80570831651539,4,0,4-8,0
V3b,dg,horiz-vert,roipw,roi,precision,8,-0.0172180864979275,-0.110221930613934,0.0757857576180789,0.674742632984463,-0.0901580914674988,0.0578601398784983,-0.0190046006134261,-0.115050868350864,0.0770416671240121,0.654083498253236,-0.0172180864979275,-0.110221930613934,0.0757857576180789,0.674742632984463,0.0914349592810128,0.0695572612205736,2.40798892445361,5,0,2-10,0
V3b,dg,card-obl,roipw,roi,precision,8,-0.0161934901918441,-0.0753503912338403,0.042963410850152,0.5380862141672,-0.0824384902019027,0.0174379175795517,-0.0311919214952954,-0.0962742700636005,0.0338904270730096,0.294410646111405,-0.0161934901918441,-0.0753503912338403,0.042963410850152,0.5380862141672,0.0483673097561323,0.0609989810438638,4.50302865020663,6,0,2-10,0
V3b,dg,rad-tang,roipw,roi,precision,8,0.00890744092496342,-0.00838179139243827,0.0261966732423651,0.262588584438901,0.00657223874967595,0.0512338852175673,0.0318058610171107,0.00280382686023731,0.060807895173984,0.0357761497449463,0.00890744092496342,-0.00838179139243827,0.0261966732423651,0.262588584438901,0,0.0357290868452491,35.5069391184941,7,1,2-10,0
V3b,dg,polc-polo,roipw,roi,precision,8,0.00291209680296629,-0.0180775667683678,0.0239017603743004,0.752455762500331,-0.014631757407231,0.0239607017875271,0.0029575514091569,-0.0225176156998319,0.0284327185181457,0.791608644477075,0.00291209680296629,-0.0180775667683678,0.0239017603743004,0.752455762500331,0.0182518091415761,0.0244010183632101,6.51199947873126,4,0,2-10,0
V3b,da,horiz-vert,roipw,roi,precision,8,-0.0061707462764964,-0.0380666481033146,0.0257251555503218,0.661191770458161,-0.0387830800210458,0.0127825520431329,-0.011013347207435,-0.0446303267909787,0.0226036323761086,0.463886971841828,-0.0061707462764964,-0.0380666481033146,0.0257251555503218,0.661191770458161,0.0298725961427551,0.0269170527995077,3.00148058908426,4,0,2-10,0
V3b,da,card-obl,roipw,roi,precision,8,0.00112046727995043,-0.0287416880308703,0.0309826225907712,0.931786446720208,-0.0118909915678037,0.037835621692349,0.01162102721929,-0.0207981635634398,0.0440402180020198,0.424676347045328,0.00112046727995043,-0.0287416880308703,0.0309826225907712,0.931786446720208,0.0279427572324728,0.0268874126098907,3.60734128446521,4,0,2-10,0
V3b,da,rad-tang,roipw,roi,precision,8,0.107929566268629,0.0611595160129343,0.154699616524323,0.000949139160420028,0.074130482821715,0.177229458073824,0.12182311043021,0.055059378963099,0.18858684189732,0.00350283528071143,0.107929566268629,0.0611595160129343,0.154699616524323,0.000949139160420028,0,0.0962676029856436,37.7386513180482,8,0,2-10,0
V3b,da,polc-polo,roipw,roi,precision,8,0.0100276506714751,-0.0383863981828402,0.0584416995257903,0.639273441621096,-0.0400544977782001,0.0420254703194305,0.00347211733559525,-0.049292977461886,0.0562372121330765,0.880740272183171,0.0100276506714751,-0.0383863981828402,0.0584416995257903,0.639273441621096,0.0445086558746181,0.0447484923219144,3.09573202496195,5,0,2-10,0
hV4,dg,horiz-vert,roipw,roi,precision,8,-0.0928402600684555,-0.236046722600802,0.0503662024638905,0.169146994627612,-0.241025318612614,0.0116396189484986,-0.110528550606766,-0.27462554151538,0.0535684403018478,0.155253685003603,-0.0928402600684555,-0.236046722600802,0.0503662024638905,0.169146994627612,0.126736794971428,0.149883087919418,5.15742862402046,6,0,4-8,0
hV4,dg,card-obl,roipw,roi,precision,8,-0.0747598694191637,-0.17458385851341,0.025064119675083,0.119877415568238,-0.167284937349619,-0.00530230482184008,-0.083624201664899,-0.187588048774444,0.0203396454446458,0.0989138575448202,-0.0747598694191637,-0.17458385851341,0.025064119675083,0.119877415568238,0.095176410149164,0.0800359633511524,2.27107991212335,6,1,4-8,0
hV4,dg,rad-tang,roipw,roi,precision,8,-0.0356145775113854,-0.13550177472957,0.0642726197067989,0.427037780977126,-0.136053773306595,0.0181270508899332,-0.0452390097003834,-0.1486057916433,0.0581277722425333,0.33514288930847,-0.0356145775113854,-0.13550177472957,0.0642726197067989,0.427037780977126,0.0949985982917373,0.0791356911246769,2.11009317182496,4,0,4-8,0
hV4,dg,polc-polo,roipw,roi,precision,8,0.0318140662494925,0.00848473224734476,0.0551434002516402,0.0145598029279125,0.0130506168908225,0.0723501532389407,0.0403477488760031,0.00165884491175049,0.0790366528402558,0.043084077034004,0.0318140662494925,0.00848473224734476,0.0551434002516402,0.0145598029279125,0,0.0541992991786756,72.3032091457568,7,0,4-8,0
hV4,da,horiz-vert,roipw,roi,precision,8,0.0627890635763627,0.0185134704889937,0.107064656663732,0.0121943621714827,-0.0319693230111571,0.105198575995773,0.0381913501803056,-0.0516019810024146,0.127984681363026,0.348036105663048,0.0627890635763627,0.0185134704889937,0.107064656663732,0.0121943621714827,0,0.108620436970562,38.4628669490261,5,1,4-8,0
hV4,da,card-obl,roipw,roi,precision,8,-0.0175303417255314,-0.0577079254527577,0.0226472420016949,0.336519154918613,-0.0583659506386372,0.0436072862363769,-0.00538160645200485,-0.0716355572633569,0.0608723443593472,0.853139513921353,-0.0175303417255314,-0.0577079254527577,0.0226472420016949,0.336519154918613,0.0224350517310886,0.0760072159221779,25.4885723733026,4,0,4-8,0
hV4,da,rad-tang,roipw,roi,precision,8,0.187356192672653,0.0329687437265802,0.341743641618725,0.0240064488995678,0.0837212642110959,0.341496908077384,0.195770314949542,0.0251354917952945,0.36640513810379,0.0300706042928833,0.187356192672653,0.0329687437265802,0.341743641618725,0.0240064488995678,0.145900328511426,0.142728224343939,4.15513908619548,7,0,4-8,0
hV4,da,polc-polo,roipw,roi,precision,8,0.00705624835445993,-0.0494503108257518,0.0635628075346716,0.776344518921079,-0.0471707621877637,0.0808538991324583,0.0142247995584193,-0.0697820777950729,0.0982316769119114,0.700800719352262,0.00705624835445993,-0.0494503108257518,0.0635628075346716,0.776344518921079,0.0162767203204506,0.0991571426850912,14.3556503394218,3,0,4-8,0
hV4,dg,horiz-vert,roipw,roi,precision,8,-0.134534799471504,-0.216964826726686,-0.0521047722163225,0.00621692636825077,-0.212686576485649,-0.0524906107125126,-0.133527681803867,-0.238474681884158,-0.0285806817235755,0.019701282432202,-0.134534799471504,-0.216964826726686,-0.0521047722163225,0.00621692636825077,0.0510817525127456,0.11466832165732,7.14468045923154,6,0,2-10,0
hV4,dg,card-obl,roipw,roi,precision,8,-0.0746214339858245,-0.171448595743188,0.0222057277715391,0.111187263025181,-0.168122649973766,-0.0108645351593051,-0.0890820492056015,-0.189784275211532,0.0116201768003286,0.0747747064994961,-0.0746214339858245,-0.171448595743188,0.0222057277715391,0.111187263025181,0.0957292097005212,0.0731104040663028,2.33815186599082,5,1,2-10,0
hV4,dg,rad-tang,roipw,roi,precision,8,0.0199402742980708,-0.0320278774450323,0.071908426041174,0.394403108977134,-0.032441992213169,0.0518729948279978,0.0119585436031419,-0.042565648023731,0.0664827352300149,0.620010610805553,0.0199402742980708,-0.0320278774450323,0.071908426041174,0.394403108977134,0.0485987217583944,0.0434930124099072,2.74497339312358,4,0,2-10,0
hV4,dg,polc-polo,roipw,roi,precision,8,0.0115963526987742,-0.00411777583763721,0.0273104812351856,0.124499371208288,-0.0145824686323137,0.0198889700203079,0.00274955178307952,-0.0197941261075007,0.0252932296736597,0.781391411239214,0.0115963526987742,-0.00411777583763721,0.0273104812351856,0.124499371208288,0,0.0270952543982834,23.182316405564,5,0,2-10,0
hV4,da,horiz-vert,roipw,roi,precision,8,0.0686774190242336,0.03027701878204,0.107077819266427,0.00389282200211002,0.0418715456545072,0.111139797641308,0.0758928821659167,0.0313805889705359,0.120405175361297,0.0049853312921732,0.0686774190242336,0.03027701878204,0.107077819266427,0.00389282200211002,0.0258223570458119,0.046562075854764,5.63323254809236,8,0,2-10,0
hV4,da,card-obl,roipw,roi,precision,8,-0.00199537347143361,-0.0427549411287643,0.0387641941858971,0.911093993275547,-0.0392250741036993,0.0238034855774372,-0.00803341661857037,-0.0498416072589711,0.0337747740218304,0.663322894760597,-0.00199537347143361,-0.0427549411287643,0.0387641941858971,0.911093993275547,0.0395818883278313,0.0305635204182895,1.95853532799257,5,0,2-10,0
hV4,da,rad-tang,roipw,roi,precision,8,0.222584018413521,0.0849344351396369,0.360233601687404,0.00651106131928692,0.093581931229783,0.312826117446952,0.202270353319445,0.0592638336884111,0.345276872950479,0.0123423966895149,0.222584018413521,0.0849344351396369,0.360233601687404,0.00651106131928692,0.125808173085293,0.11589870497899,2.39671190823396,7,0,2-10,0
hV4,da,polc-polo,roipw,roi,precision,8,0.0552351851305174,-0.0507916585623841,0.161262028823419,0.257772383589142,-0.0199516755542805,0.148148967238289,0.0654469468745021,-0.0434040061353644,0.174297899884369,0.198090130127629,0.0552351851305174,-0.0507916585623841,0.161262028823419,0.257772383589142,0.107172272055765,0.073935543660863,2.02161530435893,5,0,2-10,0
MT,dg,horiz-vert,roipw,roi,precision,7,NaN,NaN,NaN,NaN,NaN,NaN,NaN,NaN,NaN,NaN,NaN,NaN,NaN,NaN,NaN,NaN,NaN,0,0,4-8,0
MT,dg,card-obl,roipw,roi,precision,7,NaN,NaN,NaN,NaN,NaN,NaN,NaN,NaN,NaN,NaN,NaN,NaN,NaN,NaN,NaN,NaN,NaN,0,0,4-8,0
MT,dg,rad-tang,roipw,roi,precision,7,NaN,NaN,NaN,NaN,NaN,NaN,NaN,NaN,NaN,NaN,NaN,NaN,NaN,NaN,NaN,NaN,NaN,0,0,4-8,0
MT,dg,polc-polo,roipw,roi,precision,7,NaN,NaN,NaN,NaN,NaN,NaN,NaN,NaN,NaN,NaN,NaN,NaN,NaN,NaN,NaN,NaN,NaN,0,0,4-8,0
MT,da,horiz-vert,roipw,roi,precision,7,NaN,NaN,NaN,NaN,NaN,NaN,NaN,NaN,NaN,NaN,NaN,NaN,NaN,NaN,NaN,NaN,NaN,0,0,4-8,0
MT,da,card-obl,roipw,roi,precision,7,NaN,NaN,NaN,NaN,NaN,NaN,NaN,NaN,NaN,NaN,NaN,NaN,NaN,NaN,NaN,NaN,NaN,0,0,4-8,0
MT,da,rad-tang,roipw,roi,precision,7,NaN,NaN,NaN,NaN,NaN,NaN,NaN,NaN,NaN,NaN,NaN,NaN,NaN,NaN,NaN,NaN,NaN,0,0,4-8,0
MT,da,polc-polo,roipw,roi,precision,7,NaN,NaN,NaN,NaN,NaN,NaN,NaN,NaN,NaN,NaN,NaN,NaN,NaN,NaN,NaN,NaN,NaN,0,0,4-8,0
MT,dg,horiz-vert,roipw,roi,precision,8,-0.0318199631281952,-0.149833673459304,0.0861937472029138,0.544034866991463,-0.139898835891877,0.0472660727300369,-0.0459781532370461,-0.166798441091586,0.0748421346174934,0.398094274270566,-0.0318199631281952,-0.149833673459304,0.0861937472029138,0.544034866991463,0.102280230009361,0.102099371472875,1.98168491052435,4,0,2-10,0
MT,dg,card-obl,roipw,roi,precision,8,-0.103294928537598,-0.151487018598144,-0.0551028384770524,0.00144978615105349,-0.154939885922775,-0.080240139370606,-0.11989790863683,-0.168426407569384,-0.0713694097042752,0.000635613130402897,-0.103294928537598,-0.151487018598144,-0.0551028384770524,0.00144978615105349,0,0.0810375642766275,13.6624101105648,8,0,2-10,0
MT,dg,rad-tang,roipw,roi,precision,8,0.00492301432713265,-0.0540030680929505,0.0638490967472158,0.849008252671747,-0.0412468408972404,0.0608582745418312,0.00410832287239154,-0.0623360896719089,0.0705527354166919,0.88787938082761,0.00492301432713265,-0.0540030680929505,0.0638490967472158,0.849008252671747,0.0526169794321074,0.0595654495084379,5.2222398868184,4,0,2-10,0
MT,dg,polc-polo,roipw,roi,precision,8,0.0196729843774929,0.00127179717634754,0.0380741715786383,0.0393445978992132,0.005514531892458,0.0360097677756297,0.0206998518150017,0.00116092139340096,0.0402387822366025,0.0406862833775748,0.0196729843774929,0.00127179717634754,0.0380741715786383,0.0393445978992132,0,0.034999329834901,26.1092525810999,6,0,2-10,0
MT,da,horiz-vert,roipw,roi,precision,8,0.0751188546530975,-0.0184887586206539,0.168726467926849,0.0995597830699631,0.0193538041153733,0.166778911722206,0.0852111436129251,-0.00995902297907597,0.180381310204926,0.0720208220216215,0.0751188546530975,-0.0184887586206539,0.168726467926849,0.0995597830699631,0.0978368004108333,0.0581965417407437,1.83283076924614,7,1,2-10,0
MT,da,card-obl,roipw,roi,precision,8,0.00076355544197626,-0.0246838338526162,0.0262109447365687,0.945421149921248,-0.0294666396214051,0.0140726835714972,-0.00676831961624356,-0.0349750580357636,0.0214384188032765,0.588168096780733,0.00076355544197626,-0.0246838338526162,0.0262109447365687,0.945421149921248,0.0172882237915813,0.0289733651100147,4.00694619863822,4,0,2-10,0
MT,da,rad-tang,roipw,roi,precision,8,0.185378481344799,0.0488687332814928,0.321888229408105,0.0148348126910132,0.0900113047191011,0.301740295893773,0.191950363431923,0.0536969323845939,0.330203794479252,0.0134308168790587,0.185378481344799,0.0488687332814928,0.321888229408105,0.0148348126910132,0.124047987911656,0.109359916025422,1.57896050499212,7,0,2-10,0
MT,da,polc-polo,roipw,roi,precision,8,-0.0252875137377862,-0.0824027900597639,0.0318277625841915,0.329931453339317,-0.0857982655735236,0.0142274774529094,-0.0398443956926767,-0.104722023262808,0.0250332318774542,0.189742004580885,-0.0252875137377862,-0.0824027900597639,0.0318277625841915,0.329931453339317,0.0213592819679558,0.0746055451915471,5.23587875644219,6,0,2-10,0
MST,dg,horiz-vert,roipw,roi,precision,8,-0.0225925976477503,-0.128922234602284,0.0837370393067834,0.630783427543347,-0.0993937673934116,0.074691214694782,-0.0138489503969729,-0.125974602552482,0.098276701758536,0.778705940906184,-0.0225925976477503,-0.128922234602284,0.0837370393067834,0.630783427543347,0.0934723517977701,0.0961801484812699,2.94970518136824,4,0,4-8,0
MST,dg,card-obl,roipw,roi,precision,8,-0.106000307862506,-0.152017012020685,-0.0599836037043266,0.000959105479789183,-0.165426518734134,-0.0791286537407467,-0.124126154972409,-0.179647638154857,-0.0686046717899606,0.00114002302829877,-0.106000307862506,-0.152017012020685,-0.0599836037043266,0.000959105479789183,0,0.074795254383,11.4194176260424,8,0,4-8,0
MST,dg,rad-tang,roipw,roi,precision,8,-0.0105955159429433,-0.0521626885057313,0.0309716566198447,0.565685481655028,-0.0475064833756017,0.0486699731040885,-0.00186302560910186,-0.0647383432373453,0.0610122920191416,0.94610158467546,-0.0105955159429433,-0.0521626885057313,0.0309716566198447,0.565685481655028,0,0.0781333965030612,30.0231984613539,5,0,4-8,0
MST,dg,polc-polo,roipw,roi,precision,8,0.00269619410836045,-0.0694951316107499,0.0748875198274708,0.932100781416252,-0.0786641689132268,0.03786767811674,-0.0139511375892089,-0.0901409376982552,0.0622386625198374,0.678052197208309,0.00269619410836045,-0.0694951316107499,0.0748875198274708,0.932100781416252,0.0759719771536684,0.0503352379381975,2.83590676509395,5,0,4-8,0
MST,da,horiz-vert,roipw,roi,precision,8,0.0662510710860068,0.0102305687292347,0.122271573442779,0.0266596922006546,-0.00214821509815382,0.126477482949441,0.0661689128698424,-0.0176179817904126,0.149955807530098,0.104072707294266,0.0662510710860068,0.0102305687292347,0.122271573442779,0.0266596922006546,0.0269648582995794,0.0965254127024709,19.5529855891505,6,1,4-8,0
MST,da,card-obl,roipw,roi,precision,8,-0.00941929783772055,-0.101513986991173,0.0826753913157316,0.815828664325014,-0.106090167821578,0.0459684793054539,-0.0274324925319943,-0.125614641845238,0.0707496567812496,0.529948523768157,-0.00941929783772055,-0.101513986991173,0.0826753913157316,0.815828664325014,0.0979814685430021,0.0647436786060158,3.09784319286649,4,0,4-8,0
MST,da,rad-tang,roipw,roi,precision,8,0.166907508350336,0.0891953161658603,0.244619700534812,0.0014331803392142,0.113775093095098,0.225068688078864,0.16796258165115,0.0971658108926,0.2387593524097,0.000807480148456914,0.166907508350336,0.0891953161658603,0.244619700534812,0.0014331803392142,0,0.125623282763567,12.6266000964392,8,0,4-8,0
MST,da,polc-polo,roipw,roi,precision,8,-0.045935032905359,-0.151965418287555,0.0600953524768374,0.339731294924561,-0.1504349436019,0.0190262582190752,-0.0676894033419385,-0.177510469964658,0.042131663280781,0.188340910554635,-0.045935032905359,-0.151965418287555,0.0600953524768374,0.339731294924561,0.0986254279474009,0.0867692424154367,2.33076074954055,7,0,4-8,0
MST,dg,horiz-vert,roipw,roi,precision,8,-0.028479608513372,-0.136691623309013,0.0797324062822693,0.553448037078561,-0.117741287078285,0.0563345713285567,-0.0314216151407489,-0.143449629663645,0.0806063993821471,0.528411995704887,-0.028479608513372,-0.136691623309013,0.0797324062822693,0.553448037078561,0.0975990790931416,0.0918194313624487,2.36429881958153,5,0,2-10,0
MST,dg,card-obl,roipw,roi,precision,8,-0.116608984982309,-0.17477196330852,-0.0584460066560976,0.00210602435651898,-0.184009774148875,-0.0784126758673629,-0.132143823574425,-0.201036995874431,-0.0632506512744186,0.00268179455379932,-0.116608984982309,-0.17477196330852,-0.0584460066560976,0.00210602435651898,0.034109424062128,0.0750153476320685,6.34011190837441,8,0,2-10,0
MST,dg,rad-tang,roipw,roi,precision,8,-0.0197335936273043,-0.0480845683439817,0.00861738108937303,0.143782262131718,-0.0595610300645385,-0.00245665453168526,-0.0327796481305685,-0.069575159249382,0.00401586298824495,0.0731602778481635,-0.0197335936273043,-0.0480845683439817,0.00861738108937303,0.143782262131718,0,0.0657612590449349,41.7147397838769,6,1,2-10,0
MST,dg,polc-polo,roipw,roi,precision,8,0.0211775502452574,-0.0122270574537722,0.0545821579442871,0.177525125038583,-0.0095155380565489,0.0429601073128024,0.0188021250257744,-0.0156719586930791,0.0532762087446279,0.238139624567349,0.0211775502452574,-0.0122270574537722,0.0545821579442871,0.177525125038583,0.0319053859907749,0.0261236797107434,2.23147567643791,6,0,2-10,0
MST,da,horiz-vert,roipw,roi,precision,8,0.071339296914392,0.0327208758845833,0.109957717944201,0.00328148602748549,0.0492926855813171,0.12209087924572,0.0840642325901565,0.0364710035251397,0.131657461655173,0.00415454991341153,0.071339296914392,0.0327208758845833,0.109957717944201,0.00328148602748549,0,0.0625026128069137,14.1088398163045,8,0,2-10,0
MST,da,card-obl,roipw,roi,precision,8,-0.0135679990600826,-0.0655208288374156,0.0383848307172504,0.556423040205729,-0.0623775468879107,0.0203817022282532,-0.0192880389036337,-0.0729117130924785,0.0343356352852111,0.423161746880232,-0.0135679990600826,-0.0655208288374156,0.0383848307172504,0.556423040205729,0.0522111111245448,0.0372577208877962,1.96585107206744,4,0,2-10,0
MST,da,rad-tang,roipw,roi,precision,8,0.182213803285849,0.0953821207553291,0.269045485816368,0.00163371601276355,0.103695726866652,0.253051124899673,0.178165800986665,0.0841392012583497,0.272192400714981,0.00286423057507878,0.182213803285849,0.0953821207553291,0.269045485816368,0.00163371601276355,0,0.122298495426061,5.92626541370611,8,0,2-10,0
MST,da,polc-polo,roipw,roi,precision,8,-0.000624335056404818,-0.0920154809278833,0.0907668108150737,0.987562438712565,-0.0759135232832058,0.071853150376671,-0.00850246814042343,-0.104314426882501,0.0873094906016537,0.839769568956996,-0.000624335056404818,-0.0920154809278833,0.0907668108150737,0.987562438712565,0.0781850273836333,0.0837934811335189,2.50356167875307,5,0,2-10,0
